DATE,DEXKOUS
2000-02-01,1127.00
2000-02-02,1131.00
2000-02-03,1130.50
2000-02-04,1130.00
2000-02-07,1129.60
2000-02-08,1129.50
2000-02-09,1124.00
2000-02-10,1121.00
2000-02-11,1115.00
2000-02-14,1128.00
2000-02-15,1128.00
2000-02-16,1126.00
2000-02-17,1128.00
2000-02-18,1129.00
2000-02-21,.
2000-02-22,1135.00
2000-02-23,1136.00
2000-02-24,1144.00
2000-02-25,1137.00
2000-02-28,1135.00
2000-02-29,1131.31
2000-03-01,1128.50
2000-03-02,1120.50
2000-03-03,1120.50
2000-03-06,1119.30
2000-03-07,1118.70
2000-03-08,1119.20
2000-03-09,1123.00
2000-03-10,1120.20
2000-03-13,1121.00
2000-03-14,1118.40
2000-03-15,1118.50
2000-03-16,1118.00
2000-03-17,1117.30
2000-03-20,1118.18
2000-03-21,1117.00
2000-03-22,1113.00
2000-03-23,1110.00
2000-03-24,1108.70
2000-03-27,1112.10
2000-03-28,1112.50
2000-03-29,1109.40
2000-03-30,1107.50
2000-03-31,1105.50
2000-04-03,1113.00
2000-04-04,1114.00
2000-04-05,1115.50
2000-04-06,1112.00
2000-04-07,1107.50
2000-04-10,1110.50
2000-04-11,1110.00
2000-04-12,1108.50
2000-04-13,1107.00
2000-04-14,1111.20
2000-04-17,1113.80
2000-04-18,1110.00
2000-04-19,1109.50
2000-04-20,1109.00
2000-04-21,1108.50
2000-04-24,1108.80
2000-04-25,1108.50
2000-04-26,1108.10
2000-04-27,1111.00
2000-04-28,1110.00
2000-05-01,1110.00
2000-05-02,1110.10
2000-05-03,1110.00
2000-05-04,1111.50
2000-05-05,1111.00
2000-05-08,1109.70
2000-05-09,1109.50
2000-05-10,1109.20
2000-05-11,1113.00
2000-05-12,1113.50
2000-05-15,1114.90
2000-05-16,1115.00
2000-05-17,1115.60
2000-05-18,1118.80
2000-05-19,1122.50
2000-05-22,1131.50
2000-05-23,1135.00
2000-05-24,1133.50
2000-05-25,1129.90
2000-05-26,1137.50
2000-05-29,.
2000-05-30,1137.00
2000-05-31,1130.00
2000-06-01,1133.00
2000-06-02,1125.20
2000-06-05,1118.00
2000-06-06,1117.00
2000-06-07,1113.20
2000-06-08,1116.00
2000-06-09,1115.50
2000-06-12,1113.40
2000-06-13,1114.40
2000-06-14,1114.50
2000-06-15,1115.00
2000-06-16,1116.40
2000-06-19,1122.22
2000-06-20,1120.00
2000-06-21,1119.30
2000-06-22,1118.80
2000-06-23,1119.50
2000-06-26,1118.20
2000-06-27,1118.30
2000-06-28,1116.50
2000-06-29,1115.00
2000-06-30,1115.15
2000-07-03,1113.90
2000-07-04,.
2000-07-05,1117.50
2000-07-06,1117.50
2000-07-07,1119.00
2000-07-10,1118.50
2000-07-11,1116.70
2000-07-12,1115.70
2000-07-13,1111.30
2000-07-14,1113.00
2000-07-17,1113.10
2000-07-18,1113.70
2000-07-19,1112.30
2000-07-20,1111.60
2000-07-21,1113.00
2000-07-24,1114.20
2000-07-25,1116.00
2000-07-26,1115.60
2000-07-27,1115.00
2000-07-28,1117.00
2000-07-31,1116.90
2000-08-01,1115.80
2000-08-02,1115.80
2000-08-03,1115.00
2000-08-04,1116.00
2000-08-07,1118.00
2000-08-08,1116.50
2000-08-09,1115.30
2000-08-10,1114.50
2000-08-11,1116.00
2000-08-14,1117.00
2000-08-15,1116.30
2000-08-16,1115.20
2000-08-17,1115.00
2000-08-18,1115.10
2000-08-21,1114.50
2000-08-22,1114.14
2000-08-23,1114.80
2000-08-24,1114.20
2000-08-25,1114.10
2000-08-28,1111.90
2000-08-29,1110.20
2000-08-30,1108.60
2000-08-31,1108.80
2000-09-01,1105.70
2000-09-04,.
2000-09-05,1105.50
2000-09-06,1107.40
2000-09-07,1111.00
2000-09-08,1109.50
2000-09-11,1109.50
2000-09-12,1109.50
2000-09-13,1110.00
2000-09-14,1115.20
2000-09-15,1119.90
2000-09-18,1140.00
2000-09-19,1127.00
2000-09-20,1127.00
2000-09-21,1128.00
2000-09-22,1135.00
2000-09-25,1126.00
2000-09-26,1120.00
2000-09-27,1114.00
2000-09-28,1115.90
2000-09-29,1115.30
2000-10-02,1118.18
2000-10-03,1120.00
2000-10-04,1120.00
2000-10-05,1120.00
2000-10-06,1119.00
2000-10-09,.
2000-10-10,1121.90
2000-10-11,1124.00
2000-10-12,1124.00
2000-10-13,1132.00
2000-10-16,1130.00
2000-10-17,1136.00
2000-10-18,1140.00
2000-10-19,1140.00
2000-10-20,1132.00
2000-10-23,1141.00
2000-10-24,1138.00
2000-10-25,1140.00
2000-10-26,1140.00
2000-10-27,1138.00
2000-10-30,1140.00
2000-10-31,1139.00
2000-11-01,1138.30
2000-11-02,1134.80
2000-11-03,1136.30
2000-11-06,1135.00
2000-11-07,1139.00
2000-11-08,1136.50
2000-11-09,1132.00
2000-11-10,1137.00
2000-11-13,1141.00
2000-11-14,1139.00
2000-11-15,1138.70
2000-11-16,1141.30
2000-11-17,1144.50
2000-11-20,1157.00
2000-11-21,1168.00
2000-11-22,1179.00
2000-11-23,.
2000-11-24,1191.00
2000-11-27,1189.00
2000-11-28,1189.00
2000-11-29,1204.00
2000-11-30,1217.00
2000-12-01,1211.00
2000-12-04,1220.00
2000-12-05,1204.00
2000-12-06,1201.00
2000-12-07,1201.00
2000-12-08,1192.00
2000-12-11,1184.00
2000-12-12,1191.00
2000-12-13,1192.10
2000-12-14,1203.00
2000-12-15,1208.00
2000-12-18,1206.00
2000-12-19,1209.00
2000-12-20,1218.00
2000-12-21,1228.80
2000-12-22,1237.30
2000-12-25,.
2000-12-26,1252.50
2000-12-27,1260.00
2000-12-28,1253.00
2000-12-29,1267.00
2001-01-01,.
2001-01-02,1279.00
2001-01-03,1271.50
2001-01-04,1265.00
2001-01-05,1264.70
2001-01-08,1263.60
2001-01-09,1253.30
2001-01-10,1270.00
2001-01-11,1279.20
2001-01-12,1279.20
2001-01-15,.
2001-01-16,1283.80
2001-01-17,1279.00
2001-01-18,1286.00
2001-01-19,1276.12
2001-01-22,1275.10
2001-01-23,1275.10
2001-01-24,1275.80
2001-01-25,1277.50
2001-01-26,1281.90
2001-01-29,1266.00
2001-01-30,1265.50
2001-01-31,1258.00
2001-02-01,1257.00
2001-02-02,1249.50
2001-02-05,1263.00
2001-02-06,1259.00
2001-02-07,1270.00
2001-02-08,1267.00
2001-02-09,1265.00
2001-02-12,1264.10
2001-02-13,1255.50
2001-02-14,1252.50
2001-02-15,1242.00
2001-02-16,1244.00
2001-02-19,.
2001-02-20,1234.00
2001-02-21,1240.00
2001-02-22,1241.10
2001-02-23,1249.10
2001-02-26,1247.10
2001-02-27,1249.50
2001-02-28,1254.80
2001-03-01,1253.10
2001-03-02,1268.00
2001-03-05,1275.00
2001-03-06,1265.50
2001-03-07,1274.50
2001-03-08,1272.00
2001-03-09,1269.10
2001-03-12,1280.00
2001-03-13,1276.00
2001-03-14,1278.00
2001-03-15,1286.00
2001-03-16,1295.00
2001-03-19,1298.00
2001-03-20,1297.01
2001-03-21,1310.00
2001-03-22,1324.00
2001-03-23,1310.00
2001-03-26,1310.70
2001-03-27,1312.00
2001-03-28,1302.00
2001-03-29,1323.00
2001-03-30,1332.00
2001-04-02,1350.00
2001-04-03,1350.00
2001-04-04,1369.00
2001-04-05,1352.00
2001-04-06,1342.10
2001-04-09,1341.90
2001-04-10,1334.00
2001-04-11,1326.00
2001-04-12,1316.10
2001-04-13,1325.30
2001-04-16,1330.00
2001-04-17,1325.00
2001-04-18,1316.00
2001-04-19,1299.00
2001-04-20,1313.10
2001-04-23,1314.50
2001-04-24,1307.00
2001-04-25,1307.90
2001-04-26,1317.00
2001-04-27,1328.00
2001-04-30,1319.00
2001-05-01,1319.00
2001-05-02,1310.00
2001-05-03,1296.00
2001-05-04,1292.50
2001-05-07,1297.10
2001-05-08,1304.00
2001-05-09,1301.90
2001-05-10,1307.00
2001-05-11,1298.00
2001-05-14,1298.00
2001-05-15,1303.70
2001-05-16,1310.00
2001-05-17,1302.10
2001-05-18,1304.10
2001-05-21,1303.00
2001-05-22,1305.00
2001-05-23,1287.00
2001-05-24,1286.00
2001-05-25,1289.30
2001-05-28,.
2001-05-29,1290.00
2001-05-30,1290.00
2001-05-31,1282.00
2001-06-01,1286.00
2001-06-04,1285.00
2001-06-05,1287.00
2001-06-06,1286.00
2001-06-07,1286.00
2001-06-08,1286.00
2001-06-11,1289.00
2001-06-12,1291.00
2001-06-13,1293.00
2001-06-14,1293.00
2001-06-15,1293.00
2001-06-18,1293.00
2001-06-19,1305.00
2001-06-20,1305.00
2001-06-21,1303.00
2001-06-22,1304.00
2001-06-25,1303.00
2001-06-26,1301.00
2001-06-27,1300.00
2001-06-28,1304.00
2001-06-29,1303.00
2001-07-02,1303.00
2001-07-03,1295.00
2001-07-04,.
2001-07-05,1297.00
2001-07-06,1299.00
2001-07-09,1297.00
2001-07-10,1300.00
2001-07-11,1309.00
2001-07-12,1301.00
2001-07-13,1308.00
2001-07-16,1315.00
2001-07-17,1316.00
2001-07-18,1312.00
2001-07-19,1305.00
2001-07-20,1305.00
2001-07-23,1315.00
2001-07-24,1315.00
2001-07-25,1310.00
2001-07-26,1300.00
2001-07-27,1300.00
2001-07-30,1305.00
2001-07-31,1303.00
2001-08-01,1297.00
2001-08-02,1289.00
2001-08-03,1287.00
2001-08-06,1294.00
2001-08-07,1290.00
2001-08-08,1285.00
2001-08-09,1289.00
2001-08-10,1284.00
2001-08-13,1284.00
2001-08-14,1289.00
2001-08-15,1284.00
2001-08-16,1284.00
2001-08-17,1284.00
2001-08-20,1286.00
2001-08-21,1284.00
2001-08-22,1283.00
2001-08-23,1284.00
2001-08-24,1281.00
2001-08-27,1281.00
2001-08-28,1281.00
2001-08-29,1282.00
2001-08-30,1284.00
2001-08-31,1284.00
2001-09-03,.
2001-09-04,1281.00
2001-09-05,1282.00
2001-09-06,1282.00
2001-09-07,1290.00
2001-09-10,1290.00
2001-09-11,.
2001-09-12,1284.50
2001-09-13,1290.00
2001-09-14,1295.00
2001-09-17,1298.50
2001-09-18,1296.00
2001-09-19,1287.00
2001-09-20,1298.00
2001-09-21,1298.00
2001-09-24,1307.00
2001-09-25,1308.00
2001-09-26,1300.00
2001-09-27,1300.00
2001-09-28,1302.00
2001-10-01,1308.00
2001-10-02,1309.00
2001-10-03,1309.00
2001-10-04,1313.00
2001-10-05,1312.00
2001-10-08,.
2001-10-09,1307.00
2001-10-10,1308.00
2001-10-11,1302.00
2001-10-12,1299.00
2001-10-15,1299.00
2001-10-16,1300.00
2001-10-17,1300.00
2001-10-18,1300.00
2001-10-19,1302.00
2001-10-22,1303.00
2001-10-23,1304.00
2001-10-24,1296.00
2001-10-25,1296.00
2001-10-26,1297.00
2001-10-29,1294.00
2001-10-30,1298.00
2001-10-31,1296.00
2001-11-01,1296.00
2001-11-02,1296.00
2001-11-05,1296.00
2001-11-06,1295.00
2001-11-07,1292.00
2001-11-08,1285.00
2001-11-09,1283.00
2001-11-12,.
2001-11-13,1288.00
2001-11-14,1284.00
2001-11-15,1283.00
2001-11-16,1283.00
2001-11-19,1284.00
2001-11-20,1283.00
2001-11-21,1280.00
2001-11-22,.
2001-11-23,1270.00
2001-11-26,1265.00
2001-11-27,1265.00
2001-11-28,1272.00
2001-11-29,1269.00
2001-11-30,1273.00
2001-12-03,1278.00
2001-12-04,1274.10
2001-12-05,1270.90
2001-12-06,1274.40
2001-12-07,1274.00
2001-12-10,1282.60
2001-12-11,1278.30
2001-12-12,1274.40
2001-12-13,1274.60
2001-12-14,1285.90
2001-12-17,1293.50
2001-12-18,1291.90
2001-12-19,1292.20
2001-12-20,1300.20
2001-12-21,1308.90
2001-12-24,1308.20
2001-12-25,.
2001-12-26,1318.00
2001-12-27,1329.10
2001-12-28,1323.00
2001-12-31,1313.50
2002-01-01,.
2002-01-02,1317.40
2002-01-03,1312.70
2002-01-04,1308.70
2002-01-07,1302.00
2002-01-08,1309.50
2002-01-09,1311.90
2002-01-10,1312.30
2002-01-11,1315.50
2002-01-14,1312.30
2002-01-15,1316.90
2002-01-16,1315.80
2002-01-17,1317.30
2002-01-18,1320.50
2002-01-21,.
2002-01-22,1320.40
2002-01-23,1331.50
2002-01-24,1330.50
2002-01-25,1327.60
2002-01-28,1321.30
2002-01-29,1313.60
2002-01-30,1311.00
2002-01-31,1314.40
2002-02-01,1317.60
2002-02-04,1322.50
2002-02-05,1316.80
2002-02-06,1316.70
2002-02-07,1318.20
2002-02-08,1320.20
2002-02-11,1320.20
2002-02-12,1320.20
2002-02-13,1324.50
2002-02-14,1316.20
2002-02-15,1315.20
2002-02-18,.
2002-02-19,1321.00
2002-02-20,1320.00
2002-02-21,1318.80
2002-02-22,1322.00
2002-02-25,1323.90
2002-02-26,1325.40
2002-02-27,1327.30
2002-02-28,1323.80
2002-03-01,1323.80
2002-03-04,1318.20
2002-03-05,1316.40
2002-03-06,1316.30
2002-03-07,1314.50
2002-03-08,1314.30
2002-03-11,1317.00
2002-03-12,1318.50
2002-03-13,1320.50
2002-03-14,1320.50
2002-03-15,1322.80
2002-03-18,1325.50
2002-03-19,1326.50
2002-03-20,1325.80
2002-03-21,1326.80
2002-03-22,1328.40
2002-03-25,1331.50
2002-03-26,1329.30
2002-03-27,1331.50
2002-03-28,1327.00
2002-03-29,1325.90
2002-04-01,1327.50
2002-04-02,1329.00
2002-04-03,1329.00
2002-04-04,1330.50
2002-04-05,1330.50
2002-04-08,1328.20
2002-04-09,1329.60
2002-04-10,1329.20
2002-04-11,1330.00
2002-04-12,1332.00
2002-04-15,1327.90
2002-04-16,1325.60
2002-04-17,1318.70
2002-04-18,1313.20
2002-04-19,1312.20
2002-04-22,1308.80
2002-04-23,1306.30
2002-04-24,1307.00
2002-04-25,1297.60
2002-04-26,1297.60
2002-04-29,1293.60
2002-04-30,1294.00
2002-05-01,1294.00
2002-05-02,1288.00
2002-05-03,1284.00
2002-05-06,1281.20
2002-05-07,1279.50
2002-05-08,1285.40
2002-05-09,1282.40
2002-05-10,1280.00
2002-05-13,1277.40
2002-05-14,1279.30
2002-05-15,1277.50
2002-05-16,1269.80
2002-05-17,1261.60
2002-05-20,1253.60
2002-05-21,1249.60
2002-05-22,1242.20
2002-05-23,1241.10
2002-05-24,1238.20
2002-05-27,.
2002-05-28,1232.50
2002-05-29,1229.30
2002-05-30,1222.50
2002-05-31,1219.30
2002-06-03,1230.00
2002-06-04,1215.10
2002-06-05,1219.00
2002-06-06,1230.00
2002-06-07,1233.00
2002-06-10,1225.50
2002-06-11,1220.50
2002-06-12,1228.60
2002-06-13,1228.60
2002-06-14,1231.10
2002-06-17,1225.10
2002-06-18,1229.00
2002-06-19,1225.00
2002-06-20,1220.00
2002-06-21,1214.40
2002-06-24,1208.50
2002-06-25,1208.70
2002-06-26,1198.90
2002-06-27,1197.90
2002-06-28,1205.00
2002-07-01,1201.30
2002-07-02,1200.80
2002-07-03,1202.80
2002-07-04,.
2002-07-05,1199.90
2002-07-08,1195.00
2002-07-09,1177.20
2002-07-10,1174.40
2002-07-11,1174.50
2002-07-12,1177.00
2002-07-15,1171.60
2002-07-16,1166.80
2002-07-17,1166.80
2002-07-18,1169.80
2002-07-19,1165.60
2002-07-22,1160.60
2002-07-23,1168.21
2002-07-24,1170.10
2002-07-25,1165.90
2002-07-26,1185.40
2002-07-29,1195.00
2002-07-30,1188.00
2002-07-31,1183.00
2002-08-01,1182.80
2002-08-02,1184.30
2002-08-05,1197.50
2002-08-06,1209.00
2002-08-07,1206.00
2002-08-08,1206.70
2002-08-09,1203.50
2002-08-12,1201.00
2002-08-13,1204.00
2002-08-14,1186.30
2002-08-15,1186.00
2002-08-16,1188.90
2002-08-19,1194.00
2002-08-20,1195.00
2002-08-21,1192.00
2002-08-22,1193.70
2002-08-23,1202.50
2002-08-26,1205.30
2002-08-27,1199.80
2002-08-28,1200.00
2002-08-29,1205.00
2002-08-30,1201.90
2002-09-02,.
2002-09-03,1200.50
2002-09-04,1195.10
2002-09-05,1191.20
2002-09-06,1196.60
2002-09-09,1196.80
2002-09-10,1194.10
2002-09-11,1210.00
2002-09-12,1201.00
2002-09-13,1203.70
2002-09-16,1220.00
2002-09-17,1218.60
2002-09-18,1213.00
2002-09-19,1210.00
2002-09-20,1210.00
2002-09-23,1220.30
2002-09-24,1232.00
2002-09-25,1235.00
2002-09-26,1228.60
2002-09-27,1227.90
2002-09-30,1227.70
2002-10-01,1227.50
2002-10-02,1230.40
2002-10-03,1230.40
2002-10-04,1232.40
2002-10-07,1240.70
2002-10-08,1254.00
2002-10-09,1246.50
2002-10-10,1257.80
2002-10-11,1260.30
2002-10-14,.
2002-10-15,1260.00
2002-10-16,1246.90
2002-10-17,1249.00
2002-10-18,1244.00
2002-10-21,1240.00
2002-10-22,1250.00
2002-10-23,1231.90
2002-10-24,1231.90
2002-10-25,1231.60
2002-10-28,1233.50
2002-10-29,1227.40
2002-10-30,1234.00
2002-10-31,1224.00
2002-11-01,1225.80
2002-11-04,1223.00
2002-11-05,1230.00
2002-11-06,1229.00
2002-11-07,1212.20
2002-11-08,1202.00
2002-11-11,.
2002-11-12,1200.50
2002-11-13,1197.20
2002-11-14,1206.70
2002-11-15,1203.30
2002-11-18,1212.00
2002-11-19,1203.50
2002-11-20,1211.50
2002-11-21,1218.00
2002-11-22,1206.90
2002-11-25,1215.00
2002-11-26,1201.10
2002-11-27,1197.40
2002-11-28,.
2002-11-29,1198.70
2002-12-02,1220.00
2002-12-03,1217.60
2002-12-04,1216.50
2002-12-05,1221.00
2002-12-06,1221.00
2002-12-09,1209.00
2002-12-10,1213.00
2002-12-11,1208.00
2002-12-12,1208.00
2002-12-13,1205.00
2002-12-16,1203.40
2002-12-17,1204.00
2002-12-18,1202.00
2002-12-19,1202.00
2002-12-20,1205.00
2002-12-23,1201.00
2002-12-24,1200.90
2002-12-25,.
2002-12-26,1200.00
2002-12-27,1198.00
2002-12-30,1197.20
2002-12-31,1186.30
2003-01-01,.
2003-01-02,1190.00
2003-01-03,1197.30
2003-01-06,1189.00
2003-01-07,1185.00
2003-01-08,1186.00
2003-01-09,1182.00
2003-01-10,1181.00
2003-01-13,1177.00
2003-01-14,1176.00
2003-01-15,1175.00
2003-01-16,1171.00
2003-01-17,1173.50
2003-01-20,.
2003-01-21,1178.00
2003-01-22,1176.90
2003-01-23,1166.10
2003-01-24,1166.10
2003-01-27,1164.60
2003-01-28,1173.00
2003-01-29,1168.00
2003-01-30,1165.00
2003-01-31,1165.00
2003-02-03,1184.00
2003-02-04,1177.00
2003-02-05,1174.30
2003-02-06,1173.00
2003-02-07,1184.50
2003-02-10,1196.60
2003-02-11,1206.00
2003-02-12,1199.40
2003-02-13,1203.50
2003-02-14,1196.50
2003-02-17,.
2003-02-18,1199.00
2003-02-19,1193.00
2003-02-20,1191.40
2003-02-21,1194.00
2003-02-24,1187.10
2003-02-25,1192.00
2003-02-26,1186.00
2003-02-27,1186.00
2003-02-28,1193.70
2003-03-03,1184.60
2003-03-04,1197.00
2003-03-05,1199.20
2003-03-06,1218.00
2003-03-07,1219.00
2003-03-10,1243.00
2003-03-11,1225.80
2003-03-12,1245.00
2003-03-13,1241.00
2003-03-14,1241.50
2003-03-17,1249.80
2003-03-18,1254.80
2003-03-19,1258.00
2003-03-20,1245.00
2003-03-21,1254.00
2003-03-24,1251.10
2003-03-25,1251.00
2003-03-26,1244.40
2003-03-27,1247.00
2003-03-28,1260.00
2003-03-31,1252.00
2003-04-01,1262.00
2003-04-02,1255.40
2003-04-03,1256.00
2003-04-04,1258.00
2003-04-07,1257.80
2003-04-08,1253.50
2003-04-09,1246.00
2003-04-10,1230.00
2003-04-11,1229.60
2003-04-14,1225.00
2003-04-15,1220.00
2003-04-16,1217.00
2003-04-17,1207.00
2003-04-18,1204.00
2003-04-21,1209.00
2003-04-22,1219.00
2003-04-23,1219.00
2003-04-24,1220.50
2003-04-25,1238.50
2003-04-28,1222.50
2003-04-29,1219.00
2003-04-30,1215.50
2003-05-01,1213.00
2003-05-02,1213.00
2003-05-05,1217.00
2003-05-06,1201.00
2003-05-07,1199.00
2003-05-08,1199.00
2003-05-09,1202.00
2003-05-12,1192.00
2003-05-13,1196.00
2003-05-14,1200.00
2003-05-15,1196.40
2003-05-16,1199.90
2003-05-19,1195.00
2003-05-20,1202.00
2003-05-21,1194.30
2003-05-22,1195.40
2003-05-23,1194.40
2003-05-26,.
2003-05-27,1198.90
2003-05-28,1200.50
2003-05-29,1207.10
2003-05-30,1210.00
2003-06-02,1203.00
2003-06-03,1201.50
2003-06-04,1201.00
2003-06-05,1200.30
2003-06-06,1200.30
2003-06-09,1196.70
2003-06-10,1194.50
2003-06-11,1195.40
2003-06-12,1193.40
2003-06-13,1192.00
2003-06-16,1190.30
2003-06-17,1185.00
2003-06-18,1185.00
2003-06-19,1200.00
2003-06-20,1190.60
2003-06-23,1190.30
2003-06-24,1193.00
2003-06-25,1187.20
2003-06-26,1186.90
2003-06-27,1194.60
2003-06-30,1196.00
2003-07-01,1192.00
2003-07-02,1187.20
2003-07-03,1183.70
2003-07-04,.
2003-07-07,1182.10
2003-07-08,1180.30
2003-07-09,1179.20
2003-07-10,1178.50
2003-07-11,1180.00
2003-07-14,1176.30
2003-07-15,1180.00
2003-07-16,1180.00
2003-07-17,1180.00
2003-07-18,1181.00
2003-07-21,1178.60
2003-07-22,1183.00
2003-07-23,1180.90
2003-07-24,1179.90
2003-07-25,1180.20
2003-07-28,1183.00
2003-07-29,1178.70
2003-07-30,1180.00
2003-07-31,1181.00
2003-08-01,1185.00
2003-08-04,1182.00
2003-08-05,1187.90
2003-08-06,1186.00
2003-08-07,1185.00
2003-08-08,1181.10
2003-08-11,1180.00
2003-08-12,1179.00
2003-08-13,1179.80
2003-08-14,1178.00
2003-08-15,1178.00
2003-08-18,1180.00
2003-08-19,1179.20
2003-08-20,1175.60
2003-08-21,1173.00
2003-08-22,1168.00
2003-08-25,1171.00
2003-08-26,1170.00
2003-08-27,1178.00
2003-08-28,1179.00
2003-08-29,1175.00
2003-09-01,.
2003-09-02,1178.00
2003-09-03,1174.30
2003-09-04,1178.00
2003-09-05,1171.00
2003-09-08,1173.00
2003-09-09,1170.00
2003-09-10,1170.00
2003-09-11,1174.00
2003-09-12,1174.00
2003-09-15,1172.90
2003-09-16,1170.00
2003-09-17,1172.00
2003-09-18,1171.00
2003-09-19,1166.00
2003-09-22,1152.00
2003-09-23,1154.00
2003-09-24,1150.50
2003-09-25,1152.00
2003-09-26,1150.00
2003-09-29,1150.60
2003-09-30,1150.20
2003-10-01,1151.90
2003-10-02,1150.00
2003-10-03,1148.00
2003-10-06,1151.50
2003-10-07,1149.00
2003-10-08,1150.00
2003-10-09,1148.70
2003-10-10,1146.00
2003-10-13,.
2003-10-14,1175.00
2003-10-15,1170.50
2003-10-16,1174.90
2003-10-17,1179.00
2003-10-20,1182.00
2003-10-21,1182.00
2003-10-22,1182.00
2003-10-23,1190.00
2003-10-24,1186.00
2003-10-27,1183.00
2003-10-28,1186.00
2003-10-29,1179.00
2003-10-30,1177.00
2003-10-31,1184.00
2003-11-03,1186.00
2003-11-04,1186.00
2003-11-05,1187.00
2003-11-06,1181.00
2003-11-07,1180.00
2003-11-10,1175.00
2003-11-11,.
2003-11-12,1173.00
2003-11-13,1171.00
2003-11-14,1171.30
2003-11-17,1183.00
2003-11-18,1181.00
2003-11-19,1178.00
2003-11-20,1191.90
2003-11-21,1195.70
2003-11-24,1207.00
2003-11-25,1203.00
2003-11-26,1203.00
2003-11-27,.
2003-11-28,1202.10
2003-12-01,1200.00
2003-12-02,1195.50
2003-12-03,1196.00
2003-12-04,1192.00
2003-12-05,1191.00
2003-12-08,1187.00
2003-12-09,1186.00
2003-12-10,1186.00
2003-12-11,1187.80
2003-12-12,1185.10
2003-12-15,1183.00
2003-12-16,1192.00
2003-12-17,1188.70
2003-12-18,1189.00
2003-12-19,1194.00
2003-12-22,1195.00
2003-12-23,1196.00
2003-12-24,1200.00
2003-12-25,.
2003-12-26,1199.90
2003-12-29,1198.00
2003-12-30,1197.40
2003-12-31,1192.00
2004-01-01,.
2004-01-02,1195.10
2004-01-05,1192.10
2004-01-06,1186.00
2004-01-07,1187.00
2004-01-08,1182.50
2004-01-09,1181.70
2004-01-12,1175.00
2004-01-13,1181.00
2004-01-14,1180.30
2004-01-15,1187.00
2004-01-16,1186.20
2004-01-19,.
2004-01-20,1190.00
2004-01-21,1189.00
2004-01-22,1189.00
2004-01-23,1185.00
2004-01-26,1181.00
2004-01-27,1180.00
2004-01-28,1172.00
2004-01-29,1173.00
2004-01-30,1174.00
2004-02-02,1171.00
2004-02-03,1169.00
2004-02-04,1168.40
2004-02-05,1166.10
2004-02-06,1168.10
2004-02-09,1166.30
2004-02-10,1162.10
2004-02-11,1160.60
2004-02-12,1161.00
2004-02-13,1160.00
2004-02-16,.
2004-02-17,1158.20
2004-02-18,1152.20
2004-02-19,1165.00
2004-02-20,1167.40
2004-02-23,1180.00
2004-02-24,1180.00
2004-02-25,1170.20
2004-02-26,1178.50
2004-02-27,1179.00
2004-03-01,1179.00
2004-03-02,1174.00
2004-03-03,1178.00
2004-03-04,1171.00
2004-03-05,1173.00
2004-03-08,1173.70
2004-03-09,1173.00
2004-03-10,1171.50
2004-03-11,1171.00
2004-03-12,1181.00
2004-03-15,1175.50
2004-03-16,1171.00
2004-03-17,1167.00
2004-03-18,1158.00
2004-03-19,1157.00
2004-03-22,1161.00
2004-03-23,1160.50
2004-03-24,1155.00
2004-03-25,1158.00
2004-03-26,1157.90
2004-03-29,1157.80
2004-03-30,1154.00
2004-03-31,1146.70
2004-04-01,1141.40
2004-04-02,1141.80
2004-04-05,1144.00
2004-04-06,1150.40
2004-04-07,1143.50
2004-04-08,1145.00
2004-04-09,1144.00
2004-04-12,1141.90
2004-04-13,1141.40
2004-04-14,1158.00
2004-04-15,1154.00
2004-04-16,1163.00
2004-04-19,1154.00
2004-04-20,1155.00
2004-04-21,1156.00
2004-04-22,1160.00
2004-04-23,1159.00
2004-04-26,1156.00
2004-04-27,1153.00
2004-04-28,1157.00
2004-04-29,1171.00
2004-04-30,1173.60
2004-05-03,1173.00
2004-05-04,1172.00
2004-05-05,1168.00
2004-05-06,1167.00
2004-05-07,1172.00
2004-05-10,1191.00
2004-05-11,1189.00
2004-05-12,1182.00
2004-05-13,1186.00
2004-05-14,1187.00
2004-05-17,1183.00
2004-05-18,1185.00
2004-05-19,1174.00
2004-05-20,1179.00
2004-05-21,1176.00
2004-05-24,1179.00
2004-05-25,1179.50
2004-05-26,1180.00
2004-05-27,1170.00
2004-05-28,1165.00
2004-05-31,.
2004-06-01,1161.00
2004-06-02,1164.80
2004-06-03,1164.70
2004-06-04,1164.00
2004-06-07,1160.00
2004-06-08,1159.00
2004-06-09,1155.00
2004-06-10,1160.00
2004-06-11,1164.10
2004-06-14,1164.00
2004-06-15,1163.40
2004-06-16,1158.00
2004-06-17,1157.50
2004-06-18,1160.00
2004-06-21,1157.00
2004-06-22,1159.00
2004-06-23,1160.00
2004-06-24,1156.00
2004-06-25,1150.00
2004-06-28,1153.00
2004-06-29,1152.00
2004-06-30,1156.00
2004-07-01,1153.00
2004-07-02,1155.20
2004-07-05,.
2004-07-06,1155.00
2004-07-07,1152.20
2004-07-08,1151.00
2004-07-09,1149.60
2004-07-12,1147.60
2004-07-13,1149.60
2004-07-14,1152.60
2004-07-15,1161.70
2004-07-16,1164.70
2004-07-19,1157.70
2004-07-20,1160.60
2004-07-21,1158.60
2004-07-22,1162.60
2004-07-23,1166.60
2004-07-26,1162.00
2004-07-27,1166.00
2004-07-28,1168.00
2004-07-29,1168.40
2004-07-30,1170.00
2004-08-02,1165.00
2004-08-03,1165.30
2004-08-04,1168.00
2004-08-05,1164.00
2004-08-06,1163.00
2004-08-09,1157.00
2004-08-10,1155.10
2004-08-11,1158.00
2004-08-12,1158.00
2004-08-13,1162.70
2004-08-16,1160.00
2004-08-17,1157.70
2004-08-18,1157.90
2004-08-19,1155.30
2004-08-20,1153.70
2004-08-23,1153.70
2004-08-24,1154.20
2004-08-25,1157.10
2004-08-26,1154.00
2004-08-27,1152.00
2004-08-30,1153.00
2004-08-31,1152.00
2004-09-01,1149.00
2004-09-02,1151.00
2004-09-03,1150.30
2004-09-06,.
2004-09-07,1150.90
2004-09-08,1149.30
2004-09-09,1146.00
2004-09-10,1146.00
2004-09-13,1145.20
2004-09-14,1145.30
2004-09-15,1148.00
2004-09-16,1145.90
2004-09-17,1147.00
2004-09-20,1146.40
2004-09-21,1147.00
2004-09-22,1148.00
2004-09-23,1147.80
2004-09-24,1150.00
2004-09-27,1150.00
2004-09-28,1155.00
2004-09-29,1153.00
2004-09-30,1152.00
2004-10-01,1149.00
2004-10-04,1150.00
2004-10-05,1149.00
2004-10-06,1153.00
2004-10-07,1151.00
2004-10-08,1149.00
2004-10-11,.
2004-10-12,1146.00
2004-10-13,1149.00
2004-10-14,1145.00
2004-10-15,1146.00
2004-10-18,1144.00
2004-10-19,1145.00
2004-10-20,1141.00
2004-10-21,1140.00
2004-10-22,1140.50
2004-10-25,1134.00
2004-10-26,1131.00
2004-10-27,1124.00
2004-10-28,1124.90
2004-10-29,1120.00
2004-11-01,1119.00
2004-11-02,1115.00
2004-11-03,1116.00
2004-11-04,1112.00
2004-11-05,1110.00
2004-11-08,1105.00
2004-11-09,1102.00
2004-11-10,1111.00
2004-11-11,.
2004-11-12,1104.00
2004-11-15,1092.00
2004-11-16,1091.00
2004-11-17,1078.00
2004-11-18,1069.00
2004-11-19,1068.00
2004-11-22,1064.00
2004-11-23,1065.00
2004-11-24,1066.00
2004-11-25,.
2004-11-26,1046.00
2004-11-29,1047.70
2004-11-30,1048.00
2004-12-01,1045.00
2004-12-02,1041.00
2004-12-03,1046.50
2004-12-06,1040.00
2004-12-07,1041.00
2004-12-08,1058.00
2004-12-09,1055.00
2004-12-10,1067.00
2004-12-13,1061.30
2004-12-14,1058.00
2004-12-15,1061.00
2004-12-16,1055.00
2004-12-17,1060.00
2004-12-20,1058.00
2004-12-21,1055.00
2004-12-22,1053.00
2004-12-23,1050.00
2004-12-24,1047.80
2004-12-27,1046.50
2004-12-28,1042.40
2004-12-29,1041.00
2004-12-30,1041.00
2004-12-31,1035.10
2005-01-03,1038.00
2005-01-04,1038.00
2005-01-05,1046.30
2005-01-06,1058.00
2005-01-07,1051.00
2005-01-10,1053.00
2005-01-11,1045.00
2005-01-12,1042.00
2005-01-13,1036.00
2005-01-14,1043.00
2005-01-17,.
2005-01-18,1035.80
2005-01-19,1031.00
2005-01-20,1031.85
2005-01-21,1037.85
2005-01-24,1031.85
2005-01-25,1030.85
2005-01-26,1031.45
2005-01-27,1027.85
2005-01-28,1024.00
2005-01-31,1026.85
2005-02-01,1027.35
2005-02-02,1027.80
2005-02-03,1024.85
2005-02-04,1027.00
2005-02-07,1029.00
2005-02-08,1036.00
2005-02-09,1039.00
2005-02-10,1044.00
2005-02-11,1033.00
2005-02-14,1024.85
2005-02-15,1026.55
2005-02-16,1027.00
2005-02-17,1025.45
2005-02-18,1024.00
2005-02-21,.
2005-02-22,1004.85
2005-02-23,1002.85
2005-02-24,1006.85
2005-02-25,1007.85
2005-02-28,1000.85
2005-03-01,1003.85
2005-03-02,1006.85
2005-03-03,1005.85
2005-03-04,1008.00
2005-03-07,1004.45
2005-03-08,1004.05
2005-03-09,1000.95
2005-03-10,1000.05
2005-03-11,997.50
2005-03-14,1000.55
2005-03-15,1003.65
2005-03-16,1003.55
2005-03-17,1000.70
2005-03-18,1004.85
2005-03-21,1009.00
2005-03-22,1009.35
2005-03-23,1008.00
2005-03-24,1013.35
2005-03-25,1014.20
2005-03-28,1017.85
2005-03-29,1023.85
2005-03-30,1023.00
2005-03-31,1015.40
2005-04-01,1012.00
2005-04-04,1013.00
2005-04-05,1017.00
2005-04-06,1013.00
2005-04-07,1012.00
2005-04-08,1015.00
2005-04-11,1015.00
2005-04-12,1016.00
2005-04-13,1011.00
2005-04-14,1019.00
2005-04-15,1018.00
2005-04-18,1017.00
2005-04-19,1013.00
2005-04-20,1009.00
2005-04-21,1008.00
2005-04-22,1004.00
2005-04-25,999.00
2005-04-26,998.70
2005-04-27,1002.70
2005-04-28,1002.00
2005-04-29,997.00
2005-05-02,1001.00
2005-05-03,1002.00
2005-05-04,997.50
2005-05-05,999.60
2005-05-06,999.00
2005-05-09,1001.00
2005-05-10,999.01
2005-05-11,997.00
2005-05-12,999.50
2005-05-13,1000.00
2005-05-16,1009.00
2005-05-17,1004.00
2005-05-18,1003.00
2005-05-19,1006.00
2005-05-20,1007.00
2005-05-23,1004.00
2005-05-24,1003.00
2005-05-25,1000.00
2005-05-26,1002.00
2005-05-27,1000.00
2005-05-30,.
2005-05-31,1005.00
2005-06-01,1010.00
2005-06-02,1013.00
2005-06-03,1006.00
2005-06-06,1003.00
2005-06-07,1004.70
2005-06-08,1005.60
2005-06-09,1005.00
2005-06-10,1006.72
2005-06-13,1016.00
2005-06-14,1014.50
2005-06-15,1014.00
2005-06-16,1012.90
2005-06-17,1008.10
2005-06-20,1011.90
2005-06-21,1008.00
2005-06-22,1009.20
2005-06-23,1010.50
2005-06-24,1013.50
2005-06-27,1013.50
2005-06-28,1023.50
2005-06-29,1030.00
2005-06-30,1034.50
2005-07-01,1033.00
2005-07-04,.
2005-07-05,1050.00
2005-07-06,1048.00
2005-07-07,1051.00
2005-07-08,1054.00
2005-07-11,1040.50
2005-07-12,1035.00
2005-07-13,1040.00
2005-07-14,1032.00
2005-07-15,1038.00
2005-07-18,1032.50
2005-07-19,1043.50
2005-07-20,1043.50
2005-07-21,1035.00
2005-07-22,1018.50
2005-07-25,1024.00
2005-07-26,1029.50
2005-07-27,1029.00
2005-07-28,1027.70
2005-07-29,1026.50
2005-08-01,1024.50
2005-08-02,1019.50
2005-08-03,1016.00
2005-08-04,1013.50
2005-08-05,1016.00
2005-08-08,1016.00
2005-08-09,1014.00
2005-08-10,1011.60
2005-08-11,1013.10
2005-08-12,1014.10
2005-08-15,1015.00
2005-08-16,1016.40
2005-08-17,1017.10
2005-08-18,1022.10
2005-08-19,1028.15
2005-08-22,1021.15
2005-08-23,1028.00
2005-08-24,1029.15
2005-08-25,1026.40
2005-08-26,1028.70
2005-08-29,1030.00
2005-08-30,1039.20
2005-08-31,1039.00
2005-09-01,1030.75
2005-09-02,1024.75
2005-09-05,.
2005-09-06,1024.40
2005-09-07,1026.40
2005-09-08,1026.80
2005-09-09,1024.30
2005-09-12,1026.00
2005-09-13,1025.65
2005-09-14,1025.41
2005-09-15,1025.05
2005-09-16,1029.80
2005-09-19,1027.30
2005-09-20,1030.25
2005-09-21,1027.70
2005-09-22,1027.70
2005-09-23,1035.25
2005-09-26,1033.20
2005-09-27,1035.00
2005-09-28,1039.20
2005-09-29,1039.40
2005-09-30,1042.40
2005-10-03,1043.40
2005-10-04,1042.75
2005-10-05,1039.70
2005-10-06,1039.20
2005-10-07,1037.30
2005-10-10,.
2005-10-11,1040.75
2005-10-12,1042.25
2005-10-13,1049.00
2005-10-14,1042.20
2005-10-17,1048.00
2005-10-18,1053.00
2005-10-19,1052.80
2005-10-20,1053.80
2005-10-21,1059.80
2005-10-24,1055.90
2005-10-25,1047.40
2005-10-26,1045.00
2005-10-27,1039.40
2005-10-28,1042.40
2005-10-31,1043.50
2005-11-01,1042.40
2005-11-02,1039.00
2005-11-03,1045.00
2005-11-04,1049.00
2005-11-07,1048.15
2005-11-08,1046.65
2005-11-09,1046.40
2005-11-10,1046.40
2005-11-11,.
2005-11-14,1037.00
2005-11-15,1034.90
2005-11-16,1037.00
2005-11-17,1034.40
2005-11-18,1035.90
2005-11-21,1038.10
2005-11-22,1045.20
2005-11-23,1035.40
2005-11-24,.
2005-11-25,1041.40
2005-11-28,1039.40
2005-11-29,1036.10
2005-11-30,1037.40
2005-12-01,1036.90
2005-12-02,1035.15
2005-12-05,1036.40
2005-12-06,1034.05
2005-12-07,1035.40
2005-12-08,1034.05
2005-12-09,1033.60
2005-12-12,1033.40
2005-12-13,1025.00
2005-12-14,1012.00
2005-12-15,1014.95
2005-12-16,1015.90
2005-12-19,1014.80
2005-12-20,1016.50
2005-12-21,1018.10
2005-12-22,1016.05
2005-12-23,1013.50
2005-12-26,.
2005-12-27,1012.20
2005-12-28,1013.05
2005-12-29,1009.00
2005-12-30,1010.00
2006-01-02,.
2006-01-03,1002.90
2006-01-04,998.10
2006-01-05,994.20
2006-01-06,989.20
2006-01-09,977.40
2006-01-10,981.80
2006-01-11,977.40
2006-01-12,973.80
2006-01-13,987.30
2006-01-16,.
2006-01-17,989.00
2006-01-18,991.90
2006-01-19,985.00
2006-01-20,986.60
2006-01-23,981.40
2006-01-24,975.50
2006-01-25,968.50
2006-01-26,968.80
2006-01-27,970.50
2006-01-30,970.50
2006-01-31,958.90
2006-02-01,962.00
2006-02-02,971.95
2006-02-03,969.90
2006-02-06,963.00
2006-02-07,967.30
2006-02-08,970.30
2006-02-09,972.20
2006-02-10,967.60
2006-02-13,976.30
2006-02-14,969.40
2006-02-15,973.50
2006-02-16,974.10
2006-02-17,972.30
2006-02-20,.
2006-02-21,968.40
2006-02-22,974.10
2006-02-23,969.10
2006-02-24,966.30
2006-02-27,968.40
2006-02-28,970.90
2006-03-01,970.50
2006-03-02,968.70
2006-03-03,971.00
2006-03-06,974.70
2006-03-07,976.30
2006-03-08,981.95
2006-03-09,981.80
2006-03-10,979.90
2006-03-13,980.40
2006-03-14,976.70
2006-03-15,974.50
2006-03-16,974.80
2006-03-17,970.80
2006-03-20,966.80
2006-03-21,968.10
2006-03-22,973.30
2006-03-23,975.00
2006-03-24,979.20
2006-03-27,975.40
2006-03-28,976.50
2006-03-29,974.90
2006-03-30,975.70
2006-03-31,971.40
2006-04-03,970.40
2006-04-04,962.80
2006-04-05,957.10
2006-04-06,953.10
2006-04-07,952.80
2006-04-10,953.40
2006-04-11,954.60
2006-04-12,960.20
2006-04-13,961.20
2006-04-14,957.90
2006-04-17,955.40
2006-04-18,953.40
2006-04-19,945.20
2006-04-20,948.10
2006-04-21,948.00
2006-04-24,939.60
2006-04-25,944.90
2006-04-26,946.40
2006-04-27,944.60
2006-04-28,942.80
2006-05-01,942.70
2006-05-02,939.60
2006-05-03,934.00
2006-05-04,939.40
2006-05-05,939.30
2006-05-08,927.40
2006-05-09,931.60
2006-05-10,928.80
2006-05-11,935.20
2006-05-12,932.77
2006-05-15,943.20
2006-05-16,944.80
2006-05-17,936.80
2006-05-18,946.50
2006-05-19,946.00
2006-05-22,951.50
2006-05-23,944.60
2006-05-24,949.20
2006-05-25,948.70
2006-05-26,945.30
2006-05-29,.
2006-05-30,945.30
2006-05-31,945.30
2006-06-01,946.90
2006-06-02,947.90
2006-06-05,942.70
2006-06-06,942.80
2006-06-07,948.00
2006-06-08,953.10
2006-06-09,954.20
2006-06-12,956.60
2006-06-13,961.40
2006-06-14,961.80
2006-06-15,959.30
2006-06-16,955.20
2006-06-19,960.90
2006-06-20,956.50
2006-06-21,955.60
2006-06-22,955.00
2006-06-23,955.80
2006-06-26,959.20
2006-06-27,958.60
2006-06-28,957.50
2006-06-29,960.40
2006-06-30,948.50
2006-07-03,944.50
2006-07-04,.
2006-07-05,946.60
2006-07-06,949.20
2006-07-07,947.60
2006-07-10,941.60
2006-07-11,946.60
2006-07-12,948.50
2006-07-13,949.00
2006-07-14,953.70
2006-07-17,953.50
2006-07-18,958.30
2006-07-19,957.60
2006-07-20,951.70
2006-07-21,949.70
2006-07-24,951.40
2006-07-25,951.90
2006-07-26,954.30
2006-07-27,952.00
2006-07-28,953.60
2006-07-31,954.90
2006-08-01,955.70
2006-08-02,962.00
2006-08-03,965.40
2006-08-04,964.60
2006-08-07,962.30
2006-08-08,963.40
2006-08-09,959.30
2006-08-10,957.60
2006-08-11,961.40
2006-08-14,965.60
2006-08-15,965.50
2006-08-16,964.90
2006-08-17,960.60
2006-08-18,958.30
2006-08-21,956.40
2006-08-22,956.10
2006-08-23,955.40
2006-08-24,958.90
2006-08-25,961.80
2006-08-28,963.70
2006-08-29,960.80
2006-08-30,961.10
2006-08-31,961.10
2006-09-01,960.30
2006-09-04,.
2006-09-05,956.50
2006-09-06,957.00
2006-09-07,956.10
2006-09-08,956.20
2006-09-11,957.30
2006-09-12,959.20
2006-09-13,958.70
2006-09-14,957.40
2006-09-15,956.20
2006-09-18,956.20
2006-09-19,951.80
2006-09-20,950.70
2006-09-21,944.10
2006-09-22,946.70
2006-09-25,943.70
2006-09-26,943.70
2006-09-27,943.40
2006-09-28,944.60
2006-09-29,946.00
2006-10-02,947.60
2006-10-03,947.60
2006-10-04,948.90
2006-10-05,948.90
2006-10-06,948.90
2006-10-09,.
2006-10-10,959.20
2006-10-11,957.90
2006-10-12,957.60
2006-10-13,953.90
2006-10-16,955.20
2006-10-17,954.20
2006-10-18,955.20
2006-10-19,957.10
2006-10-20,957.10
2006-10-23,959.30
2006-10-24,958.20
2006-10-25,955.50
2006-10-26,949.50
2006-10-27,947.20
2006-10-30,944.30
2006-10-31,942.20
2006-11-01,939.10
2006-11-02,938.70
2006-11-03,937.00
2006-11-06,942.10
2006-11-07,938.20
2006-11-08,934.70
2006-11-09,936.20
2006-11-10,933.70
2006-11-13,934.70
2006-11-14,936.70
2006-11-15,941.10
2006-11-16,937.20
2006-11-17,938.50
2006-11-20,935.20
2006-11-21,935.00
2006-11-22,933.60
2006-11-23,.
2006-11-24,931.80
2006-11-27,930.30
2006-11-28,930.50
2006-11-29,930.40
2006-11-30,929.00
2006-12-01,928.30
2006-12-04,927.10
2006-12-05,924.10
2006-12-06,915.70
2006-12-07,913.70
2006-12-08,919.80
2006-12-11,925.40
2006-12-12,922.30
2006-12-13,922.10
2006-12-14,920.50
2006-12-15,922.80
2006-12-18,926.90
2006-12-19,931.60
2006-12-20,925.70
2006-12-21,927.20
2006-12-22,928.30
2006-12-25,.
2006-12-26,929.60
2006-12-27,929.10
2006-12-28,929.40
2006-12-29,930.00
2007-01-01,.
2007-01-02,925.40
2007-01-03,926.00
2007-01-04,931.30
2007-01-05,934.10
2007-01-08,937.90
2007-01-09,938.30
2007-01-10,937.70
2007-01-11,938.60
2007-01-12,939.60
2007-01-15,.
2007-01-16,938.10
2007-01-17,936.70
2007-01-18,936.40
2007-01-19,936.20
2007-01-22,940.50
2007-01-23,940.00
2007-01-24,935.50
2007-01-25,935.90
2007-01-26,940.50
2007-01-29,940.10
2007-01-30,942.20
2007-01-31,941.00
2007-02-01,937.00
2007-02-02,937.00
2007-02-05,935.50
2007-02-06,932.50
2007-02-07,933.20
2007-02-08,934.50
2007-02-09,934.30
2007-02-12,937.40
2007-02-13,939.40
2007-02-14,938.20
2007-02-15,934.20
2007-02-16,936.00
2007-02-19,.
2007-02-20,938.20
2007-02-21,938.20
2007-02-22,938.70
2007-02-23,937.50
2007-02-26,938.50
2007-02-27,938.50
2007-02-28,942.30
2007-03-01,941.40
2007-03-02,947.40
2007-03-05,949.10
2007-03-06,947.60
2007-03-07,947.10
2007-03-08,945.60
2007-03-09,945.10
2007-03-12,943.80
2007-03-13,944.30
2007-03-14,946.20
2007-03-15,944.10
2007-03-16,944.60
2007-03-19,943.60
2007-03-20,941.30
2007-03-21,937.70
2007-03-22,937.90
2007-03-23,937.20
2007-03-26,937.65
2007-03-27,940.70
2007-03-28,939.60
2007-03-29,940.40
2007-03-30,941.10
2007-04-02,937.00
2007-04-03,936.40
2007-04-04,936.10
2007-04-05,932.10
2007-04-06,931.60
2007-04-09,932.60
2007-04-10,933.60
2007-04-11,932.20
2007-04-12,931.60
2007-04-13,929.00
2007-04-16,931.40
2007-04-17,928.60
2007-04-18,927.90
2007-04-19,928.50
2007-04-20,927.40
2007-04-23,926.10
2007-04-24,927.25
2007-04-25,926.60
2007-04-26,928.55
2007-04-27,929.00
2007-04-30,931.00
2007-05-01,930.70
2007-05-02,929.80
2007-05-03,926.70
2007-05-04,927.30
2007-05-07,922.30
2007-05-08,922.70
2007-05-09,923.20
2007-05-10,925.65
2007-05-11,926.10
2007-05-14,923.15
2007-05-15,924.20
2007-05-16,923.60
2007-05-17,927.80
2007-05-18,934.00
2007-05-21,929.90
2007-05-22,931.70
2007-05-23,931.20
2007-05-24,932.70
2007-05-25,928.00
2007-05-28,.
2007-05-29,927.50
2007-05-30,930.80
2007-05-31,927.40
2007-06-01,928.10
2007-06-04,927.30
2007-06-05,926.50
2007-06-06,926.80
2007-06-07,926.50
2007-06-08,932.30
2007-06-11,931.70
2007-06-12,930.20
2007-06-13,931.50
2007-06-14,929.70
2007-06-15,927.60
2007-06-18,928.40
2007-06-19,927.60
2007-06-20,927.60
2007-06-21,926.60
2007-06-22,927.90
2007-06-25,926.20
2007-06-26,926.10
2007-06-27,927.40
2007-06-28,926.60
2007-06-29,922.60
2007-07-02,921.30
2007-07-03,917.70
2007-07-04,.
2007-07-05,921.70
2007-07-06,919.40
2007-07-09,920.90
2007-07-10,919.60
2007-07-11,919.10
2007-07-12,918.40
2007-07-13,916.40
2007-07-16,917.90
2007-07-17,917.90
2007-07-18,916.20
2007-07-19,915.70
2007-07-20,914.70
2007-07-23,914.90
2007-07-24,913.80
2007-07-25,913.60
2007-07-26,917.90
2007-07-27,921.40
2007-07-30,923.00
2007-07-31,919.00
2007-08-01,924.90
2007-08-02,922.60
2007-08-03,922.50
2007-08-06,923.10
2007-08-07,922.60
2007-08-08,923.80
2007-08-09,922.70
2007-08-10,931.50
2007-08-13,929.10
2007-08-14,932.20
2007-08-15,932.00
2007-08-16,945.90
2007-08-17,950.20
2007-08-20,942.60
2007-08-21,943.20
2007-08-22,943.80
2007-08-23,941.40
2007-08-24,941.45
2007-08-27,938.30
2007-08-28,939.40
2007-08-29,941.70
2007-08-30,940.10
2007-08-31,938.10
2007-09-03,938.10
2007-09-04,938.80
2007-09-05,937.80
2007-09-06,938.70
2007-09-07,937.70
2007-09-10,939.90
2007-09-11,936.50
2007-09-12,931.60
2007-09-13,927.40
2007-09-14,927.90
2007-09-17,929.40
2007-09-18,929.80
2007-09-19,924.80
2007-09-20,918.70
2007-09-21,920.70
2007-09-24,919.10
2007-09-25,920.70
2007-09-26,920.80
2007-09-27,919.90
2007-09-28,913.60
2007-10-01,914.50
2007-10-02,915.70
2007-10-03,915.50
2007-10-04,916.30
2007-10-05,915.90
2007-10-08,915.90
2007-10-09,918.20
2007-10-10,919.30
2007-10-11,915.50
2007-10-12,917.60
2007-10-15,916.70
2007-10-16,917.50
2007-10-17,917.30
2007-10-18,916.00
2007-10-19,915.50
2007-10-22,916.80
2007-10-23,918.00
2007-10-24,917.50
2007-10-25,915.00
2007-10-26,908.90
2007-10-29,910.20
2007-10-30,906.70
2007-10-31,903.20
2007-11-01,907.00
2007-11-02,908.00
2007-11-05,907.50
2007-11-06,906.20
2007-11-07,905.20
2007-11-08,907.00
2007-11-09,910.40
2007-11-12,.
2007-11-13,914.60
2007-11-14,913.10
2007-11-15,919.10
2007-11-16,917.30
2007-11-19,920.50
2007-11-20,921.80
2007-11-21,932.80
2007-11-22,932.80
2007-11-23,930.50
2007-11-26,929.00
2007-11-27,931.80
2007-11-28,931.20
2007-11-29,928.30
2007-11-30,920.90
2007-12-03,923.80
2007-12-04,922.30
2007-12-05,923.00
2007-12-06,921.80
2007-12-07,918.90
2007-12-10,923.30
2007-12-11,923.70
2007-12-12,926.10
2007-12-13,925.25
2007-12-14,929.80
2007-12-17,933.40
2007-12-18,938.35
2007-12-19,939.20
2007-12-20,943.40
2007-12-21,940.30
2007-12-24,939.20
2007-12-25,.
2007-12-26,938.70
2007-12-27,940.00
2007-12-28,935.60
2007-12-31,935.80
2008-01-01,.
2008-01-02,936.60
2008-01-03,936.20
2008-01-04,938.10
2008-01-07,940.00
2008-01-08,939.00
2008-01-09,937.10
2008-01-10,937.20
2008-01-11,937.20
2008-01-14,937.00
2008-01-15,935.20
2008-01-16,942.50
2008-01-17,945.70
2008-01-18,945.90
2008-01-21,.
2008-01-22,946.90
2008-01-23,953.20
2008-01-24,948.60
2008-01-25,948.20
2008-01-28,948.70
2008-01-29,941.50
2008-01-30,945.00
2008-01-31,943.40
2008-02-01,944.50
2008-02-04,941.30
2008-02-05,943.10
2008-02-06,941.4000
2008-02-07,941.3000
2008-02-08,944.6000
2008-02-11,945.0000
2008-02-12,943.9000
2008-02-13,945.3000
2008-02-14,944.3000
2008-02-15,944.6000
2008-02-18,.
2008-02-19,944.1000
2008-02-20,947.5000
2008-02-21,948.2000
2008-02-22,948.2000
2008-02-25,948.2000
2008-02-26,946.5000
2008-02-27,938.1000
2008-02-28,937.2000
2008-02-29,942.8000
2008-03-03,947.1000
2008-03-04,947.4500
2008-03-05,948.1500
2008-03-06,952.7000
2008-03-07,956.8000
2008-03-10,966.1000
2008-03-11,966.4000
2008-03-12,969.3000
2008-03-13,982.1000
2008-03-14,997.1000
2008-03-17,1021.4500
2008-03-18,1008.4000
2008-03-19,1008.5500
2008-03-20,1009.1500
2008-03-21,1002.0000
2008-03-24,993.7000
2008-03-25,975.8000
2008-03-26,993.1000
2008-03-27,990.0800
2008-03-28,992.4000
2008-03-31,988.6000
2008-04-01,979.0000
2008-04-02,975.7000
2008-04-03,977.2000
2008-04-04,973.5000
2008-04-07,974.6000
2008-04-08,975.7000
2008-04-09,975.7000
2008-04-10,975.0000
2008-04-11,975.8000
2008-04-14,979.3000
2008-04-15,991.3000
2008-04-16,989.1000
2008-04-17,991.6000
2008-04-18,1000.0000
2008-04-21,997.5000
2008-04-22,996.8000
2008-04-23,990.7000
2008-04-24,995.6500
2008-04-25,994.0000
2008-04-28,996.3000
2008-04-29,1001.5500
2008-04-30,1005.0000
2008-05-01,1004.0000
2008-05-02,1009.0000
2008-05-05,1007.8000
2008-05-06,1015.0000
2008-05-07,1030.0000
2008-05-08,1040.5000
2008-05-09,1044.0000
2008-05-12,1043.0000
2008-05-13,1047.0000
2008-05-14,1047.0000
2008-05-15,1043.0000
2008-05-16,1037.0000
2008-05-19,1041.0000
2008-05-20,1047.0000
2008-05-21,1039.0000
2008-05-22,1044.0000
2008-05-23,1045.5000
2008-05-26,.
2008-05-27,1041.0000
2008-05-28,1033.5000
2008-05-29,1030.0000
2008-05-30,1028.5000
2008-06-02,1022.3000
2008-06-03,1016.8000
2008-06-04,1019.0000
2008-06-05,1023.0000
2008-06-06,1030.5000
2008-06-09,1032.0000
2008-06-10,1027.5000
2008-06-11,1030.3000
2008-06-12,1033.3000
2008-06-13,1044.0000
2008-06-16,1038.5000
2008-06-17,1021.8000
2008-06-18,1029.2500
2008-06-19,1028.0000
2008-06-20,1031.5000
2008-06-23,1036.8000
2008-06-24,1032.5000
2008-06-25,1034.3000
2008-06-26,1041.3000
2008-06-27,1041.7500
2008-06-30,1046.8000
2008-07-01,1050.5000
2008-07-02,1036.5000
2008-07-03,1044.5000
2008-07-04,.
2008-07-07,1044.5000
2008-07-08,1026.2500
2008-07-09,1000.0000
2008-07-10,998.2000
2008-07-11,1000.3000
2008-07-14,1003.8000
2008-07-15,1006.3000
2008-07-16,1006.7500
2008-07-17,1011.0000
2008-07-18,1013.0000
2008-07-21,1017.0000
2008-07-22,1014.0000
2008-07-23,1009.0000
2008-07-24,1006.8000
2008-07-25,1007.0000
2008-07-28,1006.0000
2008-07-29,1006.0000
2008-07-30,1012.3000
2008-07-31,1011.5000
2008-08-01,1015.7500
2008-08-04,1016.7500
2008-08-05,1017.0000
2008-08-06,1015.5000
2008-08-07,1016.0000
2008-08-08,1028.0000
2008-08-11,1030.0000
2008-08-12,1034.2000
2008-08-13,1039.5000
2008-08-14,1039.5000
2008-08-15,1039.3000
2008-08-18,1042.8000
2008-08-19,1051.3000
2008-08-20,1047.3000
2008-08-21,1053.6000
2008-08-22,1062.3000
2008-08-25,1077.8000
2008-08-26,1087.5000
2008-08-27,1084.0000
2008-08-28,1081.3000
2008-08-29,1089.0000
2008-09-01,.
2008-09-02,1134.4500
2008-09-03,1147.9000
2008-09-04,1130.3000
2008-09-05,1117.8000
2008-09-08,1081.2000
2008-09-09,1099.5000
2008-09-10,1091.3000
2008-09-11,1110.0000
2008-09-12,1106.5000
2008-09-15,1117.8500
2008-09-16,1159.7500
2008-09-17,1115.5000
2008-09-18,1152.4000
2008-09-19,1139.5000
2008-09-22,1127.3000
2008-09-23,1146.5000
2008-09-24,1153.5000
2008-09-25,1148.8000
2008-09-26,1160.1000
2008-09-29,1185.7500
2008-09-30,1206.3000
2008-10-01,1194.8500
2008-10-02,1222.9000
2008-10-03,1220.9000
2008-10-06,1267.4000
2008-10-07,1328.4000
2008-10-08,1415.2500
2008-10-09,1381.4000
2008-10-10,1306.4000
2008-10-13,.
2008-10-14,1207.2500
2008-10-15,1237.5000
2008-10-16,1369.5000
2008-10-17,1333.3000
2008-10-20,1315.0000
2008-10-21,1320.1000
2008-10-22,1418.5000
2008-10-23,1408.7000
2008-10-24,1430.8000
2008-10-27,1441.7000
2008-10-28,1467.7000
2008-10-29,1426.9000
2008-10-30,1250.1800
2008-10-31,1277.5000
2008-11-03,1262.0000
2008-11-04,1287.9000
2008-11-05,1266.3000
2008-11-06,1330.8000
2008-11-07,1310.0000
2008-11-10,1326.1800
2008-11-11,.
2008-11-12,1354.5000
2008-11-13,1392.5000
2008-11-14,1399.3000
2008-11-17,1410.0000
2008-11-18,1447.4000
2008-11-19,1445.9000
2008-11-20,1496.0000
2008-11-21,1493.3000
2008-11-24,1507.9000
2008-11-25,1501.4000
2008-11-26,1477.3000
2008-11-27,.
2008-11-28,1468.0000
2008-12-01,1439.4000
2008-12-02,1463.5000
2008-12-03,1467.8000
2008-12-04,1479.0000
2008-12-05,1475.6000
2008-12-08,1445.0000
2008-12-09,1439.0000
2008-12-10,1393.0000
2008-12-11,1354.5000
2008-12-12,1369.0000
2008-12-15,1360.9000
2008-12-16,1347.4000
2008-12-17,1324.0000
2008-12-18,1285.0000
2008-12-19,1287.9000
2008-12-22,1308.0000
2008-12-23,1331.0000
2008-12-24,1304.3000
2008-12-25,.
2008-12-26,1298.9000
2008-12-29,1262.0000
2008-12-30,1257.4000
2008-12-31,1262.0000
2009-01-01,.
2009-01-02,1318.3000
2009-01-05,1313.5000
2009-01-06,1307.0000
2009-01-07,1292.3000
2009-01-08,1328.2500
2009-01-09,1347.5000
2009-01-12,1349.0000
2009-01-13,1353.0000
2009-01-14,1353.0000
2009-01-15,1391.5000
2009-01-16,1351.5000
2009-01-19,.
2009-01-20,1351.5000
2009-01-21,1368.0000
2009-01-22,1374.0000
2009-01-23,1390.8000
2009-01-26,1390.8000
2009-01-27,1390.0000
2009-01-28,1369.0000
2009-01-29,1369.0000
2009-01-30,1380.0000
2009-02-02,1390.0000
2009-02-03,1394.5000
2009-02-04,1378.4000
2009-02-05,1384.2000
2009-02-06,1368.7000
2009-02-09,1374.0000
2009-02-10,1388.0000
2009-02-11,1390.0000
2009-02-12,1394.0000
2009-02-13,1403.5000
2009-02-16,.
2009-02-17,1454.8000
2009-02-18,1459.0000
2009-02-19,1480.7000
2009-02-20,1519.5000
2009-02-23,1495.5000
2009-02-24,1516.0000
2009-02-25,1515.7000
2009-02-26,1512.8000
2009-02-27,1532.8000
2009-03-02,1570.1000
2009-03-03,1551.2000
2009-03-04,1550.9500
2009-03-05,1567.1000
2009-03-06,1549.6000
2009-03-09,1541.0000
2009-03-10,1501.0000
2009-03-11,1466.0000
2009-03-12,1494.7500
2009-03-13,1481.2000
2009-03-16,1435.0000
2009-03-17,1415.7500
2009-03-18,1409.0000
2009-03-19,1388.5000
2009-03-20,1396.5000
2009-03-23,1382.9000
2009-03-24,1378.9000
2009-03-25,1362.2000
2009-03-26,1334.8000
2009-03-27,1350.9000
2009-03-30,1391.9000
2009-03-31,1372.3000
2009-04-01,1378.2500
2009-04-02,1329.5000
2009-04-03,1335.5000
2009-04-06,1304.5000
2009-04-07,1317.5000
2009-04-08,1349.5000
2009-04-09,1316.0000
2009-04-10,1328.0000
2009-04-13,1328.9000
2009-04-14,1319.5000
2009-04-15,1333.0000
2009-04-16,1331.0000
2009-04-17,1327.0000
2009-04-20,1330.0000
2009-04-21,1349.0000
2009-04-22,1345.5000
2009-04-23,1343.0000
2009-04-24,1338.2000
2009-04-27,1338.4000
2009-04-28,1351.8000
2009-04-29,1335.7000
2009-04-30,1277.0000
2009-05-01,1277.0000
2009-05-04,1267.5000
2009-05-05,1267.5000
2009-05-06,1272.0000
2009-05-07,1257.3000
2009-05-08,1242.2500
2009-05-11,1232.9000
2009-05-12,1238.0000
2009-05-13,1239.0000
2009-05-14,1264.0000
2009-05-15,1252.0000
2009-05-18,1260.5000
2009-05-19,1244.5000
2009-05-20,1246.0000
2009-05-21,1245.0000
2009-05-22,1242.0000
2009-05-25,.
2009-05-26,1264.2500
2009-05-27,1264.4000
2009-05-28,1261.8000
2009-05-29,1249.0000
2009-06-01,1232.7000
2009-06-02,1234.2000
2009-06-03,1232.1000
2009-06-04,1246.2500
2009-06-05,1247.5000
2009-06-08,1247.4000
2009-06-09,1258.5000
2009-06-10,1253.5000
2009-06-11,1248.7000
2009-06-12,1246.0000
2009-06-15,1257.0000
2009-06-16,1255.7000
2009-06-17,1269.0000
2009-06-18,1263.5000
2009-06-19,1264.2000
2009-06-22,1278.6000
2009-06-23,1281.7000
2009-06-24,1273.0000
2009-06-25,1285.1000
2009-06-26,1278.3000
2009-06-29,1278.0000
2009-06-30,1273.5000
2009-07-01,1256.9000
2009-07-02,1270.7000
2009-07-03,1265.7000
2009-07-06,1267.0000
2009-07-07,1268.7000
2009-07-08,1277.5000
2009-07-09,1277.7000
2009-07-10,1288.4000
2009-07-13,1309.0000
2009-07-14,1294.2000
2009-07-15,1270.6000
2009-07-16,1266.0000
2009-07-17,1254.5000
2009-07-20,1244.0000
2009-07-21,1245.5000
2009-07-22,1251.1000
2009-07-23,1244.8000
2009-07-24,1245.0000
2009-07-27,1242.4000
2009-07-28,1236.3000
2009-07-29,1243.8000
2009-07-30,1230.5000
2009-07-31,1222.2000
2009-08-03,1214.0000
2009-08-04,1219.9000
2009-08-05,1225.5000
2009-08-06,1225.0000
2009-08-07,1224.0000
2009-08-10,1227.6000
2009-08-11,1242.7000
2009-08-12,1242.0000
2009-08-13,1237.2000
2009-08-14,1239.5000
2009-08-17,1258.5000
2009-08-18,1246.4000
2009-08-19,1251.4000
2009-08-20,1245.5000
2009-08-21,1242.5000
2009-08-24,1240.5000
2009-08-25,1247.8000
2009-08-26,1248.8000
2009-08-27,1247.3000
2009-08-28,1244.8000
2009-08-31,1248.0000
2009-09-01,1245.0000
2009-09-02,1246.2000
2009-09-03,1244.0000
2009-09-04,1237.3000
2009-09-07,.
2009-09-08,1228.2000
2009-09-09,1220.5000
2009-09-10,1223.0000
2009-09-11,1221.0000
2009-09-14,1220.5000
2009-09-15,1217.4000
2009-09-16,1205.5000
2009-09-17,1206.0000
2009-09-18,1207.0000
2009-09-21,1202.3500
2009-09-22,1201.7500
2009-09-23,1194.0000
2009-09-24,1190.7000
2009-09-25,1184.2500
2009-09-28,1192.0000
2009-09-29,1187.5000
2009-09-30,1175.0000
2009-10-01,1173.3500
2009-10-02,1182.0000
2009-10-05,1165.2500
2009-10-06,1166.0000
2009-10-07,1167.0000
2009-10-08,1166.2500
2009-10-09,1164.3000
2009-10-12,.
2009-10-13,1166.0000
2009-10-14,1157.5000
2009-10-15,1158.0000
2009-10-16,1155.0000
2009-10-19,1166.0000
2009-10-20,1182.0000
2009-10-21,1179.9000
2009-10-22,1188.0000
2009-10-23,1189.0000
2009-10-26,1178.4000
2009-10-27,1190.0000
2009-10-28,1185.4000
2009-10-29,1187.2000
2009-10-30,1182.0000
2009-11-02,1181.0000
2009-11-03,1188.1000
2009-11-04,1172.7000
2009-11-05,1174.8000
2009-11-06,1167.6000
2009-11-09,1154.6000
2009-11-10,1161.1000
2009-11-11,.
2009-11-12,1160.5000
2009-11-13,1156.3000
2009-11-16,1152.0000
2009-11-17,1155.0000
2009-11-18,1153.5000
2009-11-19,1161.5000
2009-11-20,1157.9000
2009-11-23,1152.0000
2009-11-24,1154.5000
2009-11-25,1153.0000
2009-11-26,.
2009-11-27,1173.4000
2009-11-30,1164.4000
2009-12-01,1154.0000
2009-12-02,1149.0000
2009-12-03,1150.0000
2009-12-04,1151.0000
2009-12-07,1152.4500
2009-12-08,1151.2200
2009-12-09,1160.0000
2009-12-10,1165.0000
2009-12-11,1162.5000
2009-12-14,1156.0000
2009-12-15,1156.5000
2009-12-16,1160.3000
2009-12-17,1172.9000
2009-12-18,1171.2000
2009-12-21,1185.4000
2009-12-22,1179.0000
2009-12-23,1182.0000
2009-12-24,1173.0700
2009-12-25,.
2009-12-28,1168.0000
2009-12-29,1166.0000
2009-12-30,1163.6500
2009-12-31,1163.6500
2010-01-01,.
2010-01-04,1149.0000
2010-01-05,1138.2000
2010-01-06,1130.0000
2010-01-07,1135.0000
2010-01-08,1127.7500
2010-01-11,1120.0000
2010-01-12,1120.2500
2010-01-13,1122.0000
2010-01-14,1122.5000
2010-01-15,1123.0000
2010-01-18,.
2010-01-19,1129.3000
2010-01-20,1133.5000
2010-01-21,1141.0000
2010-01-22,1153.0000
2010-01-25,1146.0000
2010-01-26,1163.1000
2010-01-27,1162.0000
2010-01-28,1151.4000
2010-01-29,1158.7000
2010-02-01,1165.7500
2010-02-02,1158.9500
2010-02-03,1148.1000
2010-02-04,1145.9000
2010-02-05,1168.9500
2010-02-08,1170.0000
2010-02-09,1158.0000
2010-02-10,1161.0000
2010-02-11,1156.2000
2010-02-12,1151.0000
2010-02-15,.
2010-02-16,1147.0000
2010-02-17,1144.0000
2010-02-18,1144.2000
2010-02-19,1153.0000
2010-02-22,1149.2000
2010-02-23,1155.0000
2010-02-24,1156.0000
2010-02-25,1166.2000
2010-02-26,1159.0000
2010-03-01,1153.0000
2010-03-02,1147.0000
2010-03-03,1141.0000
2010-03-04,1145.5000
2010-03-05,1139.5000
2010-03-08,1131.5000
2010-03-09,1135.1500
2010-03-10,1128.1000
2010-03-11,1133.4300
2010-03-12,1128.3300
2010-03-15,1134.5000
2010-03-16,1133.0000
2010-03-17,1128.0000
2010-03-18,1131.5000
2010-03-19,1133.5800
2010-03-22,1135.5000
2010-03-23,1136.8000
2010-03-24,1137.0000
2010-03-25,1142.3000
2010-03-26,1138.0000
2010-03-29,1135.0000
2010-03-30,1131.0000
2010-03-31,1131.2000
2010-04-01,1126.3000
2010-04-02,1125.9000
2010-04-05,1122.8000
2010-04-06,1123.9000
2010-04-07,1120.0000
2010-04-08,1123.0000
2010-04-09,1117.0000
2010-04-12,1114.0000
2010-04-13,1123.7000
2010-04-14,1111.5000
2010-04-15,1107.0000
2010-04-16,1110.0000
2010-04-19,1118.1000
2010-04-20,1117.8000
2010-04-21,1107.6000
2010-04-22,1108.2000
2010-04-23,1108.5000
2010-04-26,1104.0000
2010-04-27,1110.0000
2010-04-28,1118.0000
2010-04-29,1114.8000
2010-04-30,1108.0000
2010-05-03,1118.4000
2010-05-04,1115.0000
2010-05-05,1115.0000
2010-05-06,1140.9000
2010-05-07,1155.3000
2010-05-10,1131.8000
2010-05-11,1133.7500
2010-05-12,1144.0200
2010-05-13,1129.2000
2010-05-14,1130.0000
2010-05-17,1152.7500
2010-05-18,1146.0000
2010-05-19,1163.9000
2010-05-20,1193.5000
2010-05-21,1193.0000
2010-05-24,1213.6500
2010-05-25,1250.0000
2010-05-26,1253.2000
2010-05-27,1222.9500
2010-05-28,1194.5000
2010-05-31,.
2010-06-01,1216.0000
2010-06-02,1216.5000
2010-06-03,1198.5000
2010-06-04,1201.5000
2010-06-07,1235.6100
2010-06-08,1233.9900
2010-06-09,1247.3000
2010-06-10,1250.4000
2010-06-11,1245.9000
2010-06-14,1221.2000
2010-06-15,1229.0000
2010-06-16,1211.0000
2010-06-17,1212.8000
2010-06-18,1202.5500
2010-06-21,1173.6000
2010-06-22,1182.9500
2010-06-23,1187.1000
2010-06-24,1188.9000
2010-06-25,1215.1000
2010-06-28,1202.8500
2010-06-29,1216.8500
2010-06-30,1220.8500
2010-07-01,1227.0000
2010-07-02,1228.5000
2010-07-05,.
2010-07-06,1222.0000
2010-07-07,1221.5500
2010-07-08,1209.4000
2010-07-09,1197.5000
2010-07-12,1203.3500
2010-07-13,1212.5000
2010-07-14,1201.5500
2010-07-15,1201.5000
2010-07-16,1202.5000
2010-07-19,1216.0000
2010-07-20,1206.4000
2010-07-21,1203.5000
2010-07-22,1202.9500
2010-07-23,1198.5000
2010-07-26,1191.0000
2010-07-27,1181.9500
2010-07-28,1185.0000
2010-07-29,1185.3500
2010-07-30,1182.0000
2010-08-02,1172.5000
2010-08-03,1167.2000
2010-08-04,1167.2500
2010-08-05,1166.0000
2010-08-06,1161.0000
2010-08-09,1160.0000
2010-08-10,1168.6000
2010-08-11,1182.0000
2010-08-12,1185.9000
2010-08-13,1183.7000
2010-08-16,1186.9000
2010-08-17,1176.0000
2010-08-18,1174.0000
2010-08-19,1172.1500
2010-08-20,1183.2000
2010-08-23,1181.6000
2010-08-24,1191.0000
2010-08-25,1196.1500
2010-08-26,1190.1000
2010-08-27,1195.1000
2010-08-30,1191.0000
2010-08-31,1198.0000
2010-09-01,1184.0000
2010-09-02,1178.0000
2010-09-03,1173.0000
2010-09-06,.
2010-09-07,1177.0000
2010-09-08,1171.5000
2010-09-09,1166.7500
2010-09-10,1164.8500
2010-09-13,1159.0000
2010-09-14,1159.5000
2010-09-15,1158.0000
2010-09-16,1161.0000
2010-09-17,1160.0000
2010-09-20,1160.5000
2010-09-21,1160.0000
2010-09-22,1150.0000
2010-09-23,1150.6500
2010-09-24,1154.2000
2010-09-27,1146.0000
2010-09-28,1145.5000
2010-09-29,1139.0000
2010-09-30,1140.1000
2010-10-01,1130.2500
2010-10-04,1122.2500
2010-10-05,1129.8500
2010-10-06,1117.4000
2010-10-07,1114.0000
2010-10-08,1120.7000
2010-10-11,.
2010-10-12,1130.1500
2010-10-13,1119.0000
2010-10-14,1110.4000
2010-10-15,1109.6000
2010-10-18,1115.0000
2010-10-19,1126.7000
2010-10-20,1124.9000
2010-10-21,1128.4000
2010-10-22,1125.6000
2010-10-25,1115.6000
2010-10-26,1122.0000
2010-10-27,1130.0000
2010-10-28,1123.0000
2010-10-29,1124.0000
2010-11-01,1116.7300
2010-11-02,1111.0000
2010-11-03,1109.8000
2010-11-04,1106.5300
2010-11-05,1107.7000
2010-11-08,1114.0000
2010-11-09,1111.4000
2010-11-10,1109.6000
2010-11-11,.
2010-11-12,1127.2000
2010-11-15,1134.7000
2010-11-16,1129.8000
2010-11-17,1143.7500
2010-11-18,1129.9000
2010-11-19,1131.1500
2010-11-22,1126.0000
2010-11-23,1162.0000
2010-11-24,1146.0000
2010-11-25,.
2010-11-26,1153.9500
2010-11-29,1164.0500
2010-11-30,1157.2000
2010-12-01,1149.0000
2010-12-02,1148.0000
2010-12-03,1136.5000
2010-12-06,1136.7000
2010-12-07,1130.0000
2010-12-08,1142.5000
2010-12-09,1140.0000
2010-12-10,1143.0000
2010-12-13,1144.9000
2010-12-14,1139.0000
2010-12-15,1154.9500
2010-12-16,1155.0000
2010-12-17,1155.0500
2010-12-20,1154.1000
2010-12-21,1155.1500
2010-12-22,1153.9000
2010-12-23,1151.9000
2010-12-24,.
2010-12-27,1148.9000
2010-12-28,1143.0000
2010-12-29,1143.0000
2010-12-30,1130.6000
2010-12-31,.
2011-01-03,1124.3000
2011-01-04,1124.2000
2011-01-05,1127.3000
2011-01-06,1121.0000
2011-01-07,1120.2000
2011-01-10,1128.1000
2011-01-11,1124.0000
2011-01-12,1111.6000
2011-01-13,1111.2000
2011-01-14,1114.5500
2011-01-17,.
2011-01-18,1111.0000
2011-01-19,1113.2000
2011-01-20,1124.1000
2011-01-21,1118.0000
2011-01-24,1118.0000
2011-01-25,1121.6000
2011-01-26,1116.0000
2011-01-27,1114.3000
2011-01-28,1115.6000
2011-01-31,1119.1000
2011-02-01,1113.6000
2011-02-02,1113.6000
2011-02-03,1113.6000
2011-02-04,1113.6000
2011-02-07,1103.6000
2011-02-08,1100.9000
2011-02-09,1107.4000
2011-02-10,1120.9000
2011-02-11,1126.3000
2011-02-14,1125.9000
2011-02-15,1121.3000
2011-02-16,1115.3000
2011-02-17,1114.5000
2011-02-18,1111.0000
2011-02-21,.
2011-02-22,1125.3500
2011-02-23,1125.2000
2011-02-24,1130.5500
2011-02-25,1125.0000
2011-02-28,1123.7000
2011-03-01,1123.5000
2011-03-02,1121.0000
2011-03-03,1115.4000
2011-03-04,1117.5000
2011-03-07,1115.3500
2011-03-08,1115.0000
2011-03-09,1114.4500
2011-03-10,1123.7000
2011-03-11,1126.0000
2011-03-14,1127.0000
2011-03-15,1135.6000
2011-03-16,1132.6000
2011-03-17,1133.1000
2011-03-18,1126.0000
2011-03-21,1121.5000
2011-03-22,1120.6000
2011-03-23,1124.1000
2011-03-24,1118.6000
2011-03-25,1110.7000
2011-03-28,1111.5000
2011-03-29,1112.2000
2011-03-30,1100.5000
2011-03-31,1097.2500
2011-04-01,1086.7000
2011-04-04,1086.4500
2011-04-05,1086.5000
2011-04-06,1084.0000
2011-04-07,1088.6000
2011-04-08,1082.0000
2011-04-11,1085.5000
2011-04-12,1091.8000
2011-04-13,1086.3000
2011-04-14,1086.5500
2011-04-15,1087.0000
2011-04-18,1088.0000
2011-04-19,1085.7000
2011-04-20,1076.5000
2011-04-21,1079.5000
2011-04-22,1080.8000
2011-04-25,1081.1000
2011-04-26,1083.6000
2011-04-27,1078.8000
2011-04-28,1072.9000
2011-04-29,1068.4000
2011-05-02,1065.5000
2011-05-03,1071.3000
2011-05-04,1076.3000
2011-05-05,1081.3000
2011-05-06,1085.1000
2011-05-09,1081.0000
2011-05-10,1082.2000
2011-05-11,1076.0000
2011-05-12,1088.0000
2011-05-13,1086.8000
2011-05-16,1091.7000
2011-05-17,1088.3000
2011-05-18,1087.6000
2011-05-19,1086.0000
2011-05-20,1082.7000
2011-05-23,1097.8000
2011-05-24,1093.2000
2011-05-25,1101.6000
2011-05-26,1089.0000
2011-05-27,1082.2000
2011-05-30,.
2011-05-31,1078.0000
2011-06-01,1076.2000
2011-06-02,1081.4000
2011-06-03,1077.0000
2011-06-06,1078.5500
2011-06-07,1081.8000
2011-06-08,1080.0000
2011-06-09,1082.8000
2011-06-10,1084.0000
2011-06-13,1085.2000
2011-06-14,1082.4000
2011-06-15,1083.0000
2011-06-16,1091.1500
2011-06-17,1085.8000
2011-06-20,1082.2500
2011-06-21,1078.4500
2011-06-22,1073.8500
2011-06-23,1082.8500
2011-06-24,1078.7000
2011-06-27,1084.9500
2011-06-28,1080.3000
2011-06-29,1073.0000
2011-06-30,1066.3000
2011-07-01,1065.0500
2011-07-04,.
2011-07-05,1065.0000
2011-07-06,1066.5000
2011-07-07,1063.9000
2011-07-08,1056.9000
2011-07-11,1057.6000
2011-07-12,1064.0500
2011-07-13,1055.1000
2011-07-14,1055.5500
2011-07-15,1058.0000
2011-07-18,1061.8500
2011-07-19,1059.6000
2011-07-20,1053.9500
2011-07-21,1054.5000
2011-07-22,1050.2500
2011-07-25,1053.4500
2011-07-26,1049.2000
2011-07-27,1052.5000
2011-07-28,1051.5500
2011-07-29,1054.0000
2011-08-01,1051.3000
2011-08-02,1052.4000
2011-08-03,1058.8500
2011-08-04,1061.5000
2011-08-05,1067.2000
2011-08-08,1082.9000
2011-08-09,1087.4500
2011-08-10,1080.1000
2011-08-11,1078.2000
2011-08-12,1078.9000
2011-08-15,1078.8000
2011-08-16,1068.0500
2011-08-17,1068.5500
2011-08-18,1076.7500
2011-08-19,1087.2000
2011-08-22,1083.1500
2011-08-23,1077.2000
2011-08-24,1083.6500
2011-08-25,1088.2500
2011-08-26,1079.5000
2011-08-29,1073.4500
2011-08-30,1072.1500
2011-08-31,1063.9000
2011-09-01,1061.4000
2011-09-02,1064.8500
2011-09-05,.
2011-09-06,1076.9000
2011-09-07,1070.6500
2011-09-08,1075.3000
2011-09-09,1077.1000
2011-09-12,1076.7500
2011-09-13,1076.7500
2011-09-14,1107.4500
2011-09-15,1113.2500
2011-09-16,1112.4000
2011-09-19,1139.4000
2011-09-20,1140.0000
2011-09-21,1152.4000
2011-09-22,1179.7000
2011-09-23,1164.9000
2011-09-26,1181.0000
2011-09-27,1164.5000
2011-09-28,1171.9000
2011-09-29,1172.6000
2011-09-30,1180.9000
2011-10-03,1180.0000
2011-10-04,1197.5000
2011-10-05,1186.5000
2011-10-06,1184.0000
2011-10-07,1170.5000
2011-10-10,.
2011-10-11,1171.1500
2011-10-12,1164.5000
2011-10-13,1157.7500
2011-10-14,1156.0000
2011-10-17,1148.3500
2011-10-18,1149.5000
2011-10-19,1133.5000
2011-10-20,1147.0000
2011-10-21,1147.2000
2011-10-24,1133.2000
2011-10-25,1131.2500
2011-10-26,1134.6500
2011-10-27,1106.6000
2011-10-28,1102.5000
2011-10-31,1112.0500
2011-11-01,1122.0500
2011-11-02,1120.6500
2011-11-03,1127.4000
2011-11-04,1110.6000
2011-11-07,1117.3000
2011-11-08,1118.1000
2011-11-09,1118.8500
2011-11-10,1131.8500
2011-11-11,.
2011-11-14,1126.0500
2011-11-15,1128.5000
2011-11-16,1134.1500
2011-11-17,1132.1500
2011-11-18,1138.5000
2011-11-21,1143.0000
2011-11-22,1146.6500
2011-11-23,1159.7000
2011-11-24,.
2011-11-25,1162.0000
2011-11-28,1152.5000
2011-11-29,1139.5000
2011-11-30,1140.0500
2011-12-01,1126.5500
2011-12-02,1128.0000
2011-12-05,1124.5000
2011-12-06,1128.5000
2011-12-07,1129.0500
2011-12-08,1133.5500
2011-12-09,1146.6000
2011-12-12,1149.2000
2011-12-13,1157.0000
2011-12-14,1158.3000
2011-12-15,1156.9500
2011-12-16,1158.5000
2011-12-19,1175.5000
2011-12-20,1157.0000
2011-12-21,1150.8000
2011-12-22,1154.0000
2011-12-23,1149.0000
2011-12-26,.
2011-12-27,1155.6500
2011-12-28,1157.0000
2011-12-29,1156.5000
2011-12-30,1158.5000
2012-01-02,.
2012-01-03,1143.7000
2012-01-04,1147.3500
2012-01-05,1155.5500
2012-01-06,1160.0000
2012-01-09,1158.8000
2012-01-10,1153.5500
2012-01-11,1159.5500
2012-01-12,1151.2500
2012-01-13,1150.3500
2012-01-16,.
2012-01-17,1142.8500
2012-01-18,1139.0000
2012-01-19,1133.6000
2012-01-20,1133.0000
2012-01-23,1125.4000
2012-01-24,1129.2500
2012-01-25,1129.0500
2012-01-26,1120.1000
2012-01-27,1120.5000
2012-01-30,1128.0000
2012-01-31,1125.7000
2012-02-01,1126.3500
2012-02-02,1115.6500
2012-02-03,1116.0000
2012-02-06,1121.0000
2012-02-07,1117.0000
2012-02-08,1116.4000
2012-02-09,1118.5500
2012-02-10,1123.0000
2012-02-13,1119.9500
2012-02-14,1126.5500
2012-02-15,1124.6500
2012-02-16,1128.6500
2012-02-17,1126.2500
2012-02-20,.
2012-02-21,1124.2500
2012-02-22,1126.4500
2012-02-23,1128.9000
2012-02-24,1124.0000
2012-02-27,1127.2500
2012-02-28,1125.8500
2012-02-29,1117.1000
2012-03-01,1116.0000
2012-03-02,1116.5000
2012-03-05,1116.0000
2012-03-06,1122.6400
2012-03-07,1123.7000
2012-03-08,1117.2000
2012-03-09,1116.0000
2012-03-12,1124.1500
2012-03-13,1123.4500
2012-03-14,1126.1000
2012-03-15,1124.8500
2012-03-16,1125.7000
2012-03-19,1120.3500
2012-03-20,1128.0500
2012-03-21,1130.2500
2012-03-22,1134.6000
2012-03-23,1135.0000
2012-03-26,1133.3500
2012-03-27,1134.4000
2012-03-28,1136.3000
2012-03-29,1139.7500
2012-03-30,1131.4000
2012-04-02,1125.7500
2012-04-03,1122.3500
2012-04-04,1131.2500
2012-04-05,1129.5000
2012-04-06,1131.7500
2012-04-09,1138.1000
2012-04-10,1139.5000
2012-04-11,1143.3500
2012-04-12,1137.4000
2012-04-13,1134.2000
2012-04-16,1138.0000
2012-04-17,1134.7500
2012-04-18,1139.3500
2012-04-19,1138.2000
2012-04-20,1138.1000
2012-04-23,1142.5000
2012-04-24,1138.4000
2012-04-25,1139.0000
2012-04-26,1133.0000
2012-04-27,1131.0000
2012-04-30,1130.0500
2012-05-01,1128.3500
2012-05-02,1129.1000
2012-05-03,1130.4000
2012-05-04,1134.2500
2012-05-07,1138.0000
2012-05-08,1138.4600
2012-05-09,1143.9500
2012-05-10,1142.1500
2012-05-11,1146.1500
2012-05-14,1153.5000
2012-05-15,1156.1000
2012-05-16,1166.2500
2012-05-17,1165.7500
2012-05-18,1170.0000
2012-05-21,1167.0000
2012-05-22,1165.0000
2012-05-23,1174.8500
2012-05-24,1176.7200
2012-05-25,1185.0000
2012-05-28,.
2012-05-29,1175.8200
2012-05-30,1180.4100
2012-05-31,1180.0000
2012-06-01,1182.0000
2012-06-04,1178.9900
2012-06-05,1177.0800
2012-06-06,1173.8900
2012-06-07,1162.7500
2012-06-08,1173.5900
2012-06-11,1171.0000
2012-06-12,1168.5000
2012-06-13,1166.2300
2012-06-14,1163.7800
2012-06-15,1164.2500
2012-06-18,1157.0000
2012-06-19,1153.0000
2012-06-20,1151.3700
2012-06-21,1153.7500
2012-06-22,1158.3400
2012-06-25,1163.2500
2012-06-26,1157.6000
2012-06-27,1156.0100
2012-06-28,1157.6100
2012-06-29,1141.1700
2012-07-02,1143.4000
2012-07-03,1133.0000
2012-07-04,.
2012-07-05,1133.5400
2012-07-06,1140.3000
2012-07-09,1141.8800
2012-07-10,1140.6300
2012-07-11,1140.5000
2012-07-12,1154.0400
2012-07-13,1147.5300
2012-07-16,1146.1800
2012-07-17,1144.8300
2012-07-18,1141.3400
2012-07-19,1138.3000
2012-07-20,1142.0000
2012-07-23,1151.0300
2012-07-24,1148.7800
2012-07-25,1148.8900
2012-07-26,1146.1700
2012-07-27,1138.0100
2012-07-30,1137.2200
2012-07-31,1130.2700
2012-08-01,1126.5600
2012-08-02,1131.5800
2012-08-03,1134.2500
2012-08-06,1127.9300
2012-08-07,1128.7000
2012-08-08,1129.7700
2012-08-09,1126.0000
2012-08-10,1130.7500
2012-08-13,1128.7300
2012-08-14,1130.2400
2012-08-15,1130.0800
2012-08-16,1133.1900
2012-08-17,1134.7200
2012-08-20,1134.9300
2012-08-21,1130.3700
2012-08-22,1135.5600
2012-08-23,1131.3500
2012-08-24,1134.1500
2012-08-27,1134.4900
2012-08-28,1134.4500
2012-08-29,1134.9700
2012-08-30,1134.1800
2012-08-31,1133.2000
2012-09-03,.
2012-09-04,1133.2300
2012-09-05,1135.9600
2012-09-06,1133.4500
2012-09-07,1129.8500
2012-09-10,1128.5500
2012-09-11,1127.9400
2012-09-12,1126.6000
2012-09-13,1128.4900
2012-09-14,1116.6500
2012-09-17,1116.3900
2012-09-18,1117.9500
2012-09-19,1115.7400
2012-09-20,1121.2500
2012-09-21,1118.7000
2012-09-24,1120.3400
2012-09-25,1119.3000
2012-09-26,1119.2000
2012-09-27,1116.0300
2012-09-28,1111.2100
2012-10-01,1112.2900
2012-10-02,1112.5000
2012-10-03,1112.8800
2012-10-04,1111.6000
2012-10-05,1107.0000
2012-10-08,.
2012-10-09,1111.2200
2012-10-10,1114.6100
2012-10-11,1112.0700
2012-10-12,1110.5000
2012-10-15,1110.2400
2012-10-16,1106.1000
2012-10-17,1104.7400
2012-10-18,1104.6600
2012-10-19,1105.5100
2012-10-22,1103.9800
2012-10-23,1103.1000
2012-10-24,1103.1200
2012-10-25,1098.0000
2012-10-26,1097.0300
2012-10-29,1095.7600
2012-10-30,1091.3300
2012-10-31,1090.1700
2012-11-01,1090.2700
2012-11-02,1090.7000
2012-11-05,1091.0000
2012-11-06,1090.1900
2012-11-07,1086.5000
2012-11-08,1089.2300
2012-11-09,1087.7600
2012-11-12,.
2012-11-13,1089.4400
2012-11-14,1086.0000
2012-11-15,1088.5000
2012-11-16,1091.7700
2012-11-19,1085.9700
2012-11-20,1082.5800
2012-11-21,1082.0000
2012-11-22,.
2012-11-23,1085.0000
2012-11-26,1085.6200
2012-11-27,1086.2500
2012-11-28,1085.3500
2012-11-29,1083.1700
2012-11-30,1081.7500
2012-12-03,1082.6500
2012-12-04,1083.6900
2012-12-05,1081.9900
2012-12-06,1083.3000
2012-12-07,1081.5600
2012-12-10,1077.4300
2012-12-11,1074.8500
2012-12-12,1073.3500
2012-12-13,1073.9000
2012-12-14,1074.7400
2012-12-17,1072.3000
2012-12-18,1072.7500
2012-12-19,1071.4000
2012-12-20,1074.3000
2012-12-21,1075.4000
2012-12-24,1073.2400
2012-12-25,.
2012-12-26,1072.2900
2012-12-27,1071.6700
2012-12-28,1070.4000
2012-12-31,1063.2400
2013-01-01,.
2013-01-02,1063.3000
2013-01-03,1062.9500
2013-01-04,1062.0000
2013-01-07,1062.5000
2013-01-08,1063.5000
2013-01-09,1060.1000
2013-01-10,1058.1200
2013-01-11,1056.0900
2013-01-14,1056.0000
2013-01-15,1057.6200
2013-01-16,1058.3500
2013-01-17,1057.8200
2013-01-18,1058.4000
2013-01-21,.
2013-01-22,1062.9500
2013-01-23,1067.0200
2013-01-24,1067.9500
2013-01-25,1075.3300
2013-01-28,1091.2200
2013-01-29,1082.4000
2013-01-30,1085.8500
2013-01-31,1087.4600
2013-02-01,1094.7900
2013-02-04,1089.3500
2013-02-05,1086.1700
2013-02-06,1089.0000
2013-02-07,1090.1500
2013-02-08,1095.6500
2013-02-11,1095.5000
2013-02-12,1093.1300
2013-02-13,1085.7200
2013-02-14,1085.1400
2013-02-15,1078.2200
2013-02-18,.
2013-02-19,1079.6500
2013-02-20,1079.8500
2013-02-21,1086.8000
2013-02-22,1085.0300
2013-02-25,1086.0000
2013-02-26,1089.8200
2013-02-27,1084.9900
2013-02-28,1083.9000
2013-03-01,1083.9000
2013-03-04,1090.8000
2013-03-05,1086.5800
2013-03-06,1084.3600
2013-03-07,1087.4900
2013-03-08,1089.1500
2013-03-11,1093.9000
2013-03-12,1095.2800
2013-03-13,1098.4200
2013-03-14,1107.4900
2013-03-15,1110.6200
2013-03-18,1114.1900
2013-03-19,1112.9300
2013-03-20,1115.6200
2013-03-21,1115.4100
2013-03-22,1119.2000
2013-03-25,1110.8800
2013-03-26,1107.3600
2013-03-27,1111.0900
2013-03-28,1113.1400
2013-03-29,1112.4800
2013-04-01,1114.3800
2013-04-02,1117.8700
2013-04-03,1116.6800
2013-04-04,1123.5700
2013-04-05,1136.8200
2013-04-08,1140.3400
2013-04-09,1139.1900
2013-04-10,1135.3500
2013-04-11,1128.8500
2013-04-12,1129.2400
2013-04-15,1119.0000
2013-04-16,1114.0000
2013-04-17,1121.0000
2013-04-18,1119.4800
2013-04-19,1119.0300
2013-04-22,1119.5100
2013-04-23,1119.5300
2013-04-24,1117.9400
2013-04-25,1111.3500
2013-04-26,1111.1000
2013-04-29,1104.0000
2013-04-30,1101.5200
2013-05-01,1100.3500
2013-05-02,1101.4000
2013-05-03,1096.6700
2013-05-06,1094.3400
2013-05-07,1090.0000
2013-05-08,1086.0000
2013-05-09,1091.1200
2013-05-10,1106.0000
2013-05-13,1113.1200
2013-05-14,1109.6200
2013-05-15,1114.6200
2013-05-16,1117.5400
2013-05-17,1117.3000
2013-05-20,1118.1900
2013-05-21,1110.6200
2013-05-22,1113.8500
2013-05-23,1128.3500
2013-05-24,1126.4000
2013-05-27,.
2013-05-28,1128.0700
2013-05-29,1132.0800
2013-05-30,1127.9000
2013-05-31,1129.3400
2013-06-03,1127.1800
2013-06-04,1122.3100
2013-06-05,1118.5500
2013-06-06,1118.9000
2013-06-07,1117.1700
2013-06-10,1127.3800
2013-06-11,1133.0000
2013-06-12,1127.7600
2013-06-13,1129.0700
2013-06-14,1127.2000
2013-06-17,1127.0000
2013-06-18,1134.2400
2013-06-19,1130.2500
2013-06-20,1145.9000
2013-06-21,1156.0000
2013-06-24,1161.3400
2013-06-25,1152.7800
2013-06-26,1155.0000
2013-06-27,1147.6900
2013-06-28,1141.4500
2013-07-01,1135.2700
2013-07-02,1133.8000
2013-07-03,1140.9500
2013-07-04,.
2013-07-05,1141.6500
2013-07-08,1147.9400
2013-07-09,1141.2500
2013-07-10,1134.6600
2013-07-11,1124.2100
2013-07-12,1123.8500
2013-07-15,1121.0600
2013-07-16,1114.6500
2013-07-17,1116.8600
2013-07-18,1124.0800
2013-07-19,1120.4300
2013-07-22,1118.4600
2013-07-23,1116.6600
2013-07-24,1115.5200
2013-07-25,1116.1500
2013-07-26,1112.5500
2013-07-29,1112.2100
2013-07-30,1115.7900
2013-07-31,1122.6600
2013-08-01,1122.9900
2013-08-02,1123.8500
2013-08-05,1113.5000
2013-08-06,1113.8100
2013-08-07,1117.0500
2013-08-08,1112.2500
2013-08-09,1111.1600
2013-08-12,1113.9700
2013-08-13,1118.2200
2013-08-14,1117.9000
2013-08-15,1118.0000
2013-08-16,1113.0400
2013-08-19,1117.8800
2013-08-20,1120.6000
2013-08-21,1116.8600
2013-08-22,1120.9200
2013-08-23,1113.4800
2013-08-26,1112.6000
2013-08-27,1116.7800
2013-08-28,1114.2500
2013-08-29,1112.1900
2013-08-30,1109.4200
2013-09-02,.
2013-09-03,1097.7500
2013-09-04,1093.7700
2013-09-05,1096.8000
2013-09-06,1091.9000
2013-09-09,1086.8000
2013-09-10,1085.4300
2013-09-11,1085.7600
2013-09-12,1082.7700
2013-09-13,1085.8800
2013-09-16,1081.3400
2013-09-17,1082.1500
2013-09-18,1081.4000
2013-09-19,1070.8800
2013-09-20,1076.0200
2013-09-23,1073.9000
2013-09-24,1074.3500
2013-09-25,1076.4200
2013-09-26,1075.2000
2013-09-27,1074.3800
2013-09-30,1073.3300
2013-10-01,1072.9000
2013-10-02,1074.0200
2013-10-03,1074.0200
2013-10-04,1070.0000
2013-10-07,1071.2900
2013-10-08,1074.1500
2013-10-09,1075.4800
2013-10-10,1071.1900
2013-10-11,1071.5500
2013-10-14,.
2013-10-15,1064.3300
2013-10-16,1066.0000
2013-10-17,1062.3800
2013-10-18,1060.0200
2013-10-21,1060.9300
2013-10-22,1057.5000
2013-10-23,1057.4500
2013-10-24,1061.5000
2013-10-25,1062.3000
2013-10-28,1060.7000
2013-10-29,1061.9200
2013-10-30,1058.4000
2013-10-31,1060.8300
2013-11-01,1060.9100
2013-11-04,1062.3800
2013-11-05,1061.0300
2013-11-06,1059.7700
2013-11-07,1062.7800
2013-11-08,1062.1200
2013-11-11,.
2013-11-12,1072.6500
2013-11-13,1070.5600
2013-11-14,1068.2100
2013-11-15,1062.3500
2013-11-18,1054.8400
2013-11-19,1054.8600
2013-11-20,1056.2800
2013-11-21,1061.9000
2013-11-22,1060.9900
2013-11-25,1059.3500
2013-11-26,1060.0700
2013-11-27,1060.9000
2013-11-28,.
2013-11-29,1057.7600
2013-12-02,1058.0000
2013-12-03,1059.9700
2013-12-04,1061.0200
2013-12-05,1058.2700
2013-12-06,1056.0000
2013-12-09,1050.0500
2013-12-10,1052.0000
2013-12-11,1051.5000
2013-12-12,1050.7500
2013-12-13,1052.9000
2013-12-16,1052.6000
2013-12-17,1050.6500
2013-12-18,1051.7500
2013-12-19,1059.2800
2013-12-20,1061.3500
2013-12-23,1060.4000
2013-12-24,1059.2500
2013-12-25,.
2013-12-26,1059.1000
2013-12-27,1053.7200
2013-12-30,1054.5200
2013-12-31,1055.2500
2014-01-01,.
2014-01-02,1050.3000
2014-01-03,1055.0000
2014-01-06,1065.0100
2014-01-07,1068.5000
2014-01-08,1065.4500
2014-01-09,1062.8900
2014-01-10,1061.3200
2014-01-13,1056.7000
2014-01-14,1059.4300
2014-01-15,1062.6000
2014-01-16,1063.0000
2014-01-17,1060.8000
2014-01-20,.
2014-01-21,1065.0500
2014-01-22,1067.3000
2014-01-23,1073.1000
2014-01-24,1080.1000
2014-01-27,1083.7000
2014-01-28,1079.1400
2014-01-29,1069.8000
2014-01-30,1080.1100
2014-01-31,1080.3600
2014-02-03,1084.2500
2014-02-04,1083.7000
2014-02-05,1077.6000
2014-02-06,1078.8000
2014-02-07,1073.8300
2014-02-10,1072.3000
2014-02-11,1070.8000
2014-02-12,1062.1400
2014-02-13,1066.2000
2014-02-14,1062.9000
2014-02-17,.
2014-02-18,1065.5400
2014-02-19,1065.2500
2014-02-20,1072.0000
2014-02-21,1072.1500
2014-02-24,1074.0000
2014-02-25,1072.7800
2014-02-26,1065.7200
2014-02-27,1068.8500
2014-02-28,1066.0100
2014-03-03,1069.9000
2014-03-04,1071.2000
2014-03-05,1070.8500
2014-03-06,1064.1000
2014-03-07,1064.2000
2014-03-10,1066.5000
2014-03-11,1065.1300
2014-03-12,1070.2000
2014-03-13,1068.3500
2014-03-14,1071.3300
2014-03-17,1067.1500
2014-03-18,1068.5000
2014-03-19,1070.5300
2014-03-20,1076.2800
2014-03-21,1079.6000
2014-03-24,1077.7000
2014-03-25,1078.6700
2014-03-26,1074.9700
2014-03-27,1071.6500
2014-03-28,1068.8500
2014-03-31,1064.6500
2014-04-01,1058.3000
2014-04-02,1057.2000
2014-04-03,1057.5000
2014-04-04,1053.8500
2014-04-07,1055.1700
2014-04-08,1052.1000
2014-04-09,1041.2500
2014-04-10,1039.9000
2014-04-11,1035.4000
2014-04-14,1039.2900
2014-04-15,1041.0700
2014-04-16,1038.2000
2014-04-17,1038.0000
2014-04-18,1037.3500
2014-04-21,1038.5600
2014-04-22,1037.4500
2014-04-23,1039.3500
2014-04-24,1039.5000
2014-04-25,1040.9500
2014-04-28,1034.9000
2014-04-29,1029.8300
2014-04-30,1032.8500
2014-05-01,1032.7500
2014-05-02,1029.5500
2014-05-05,1029.5000
2014-05-06,1029.5000
2014-05-07,1022.4600
2014-05-08,1022.6000
2014-05-09,1024.2300
2014-05-12,1024.2900
2014-05-13,1021.8500
2014-05-14,1027.5000
2014-05-15,1025.1000
2014-05-16,1023.4200
2014-05-19,1021.8700
2014-05-20,1025.0000
2014-05-21,1026.7000
2014-05-22,1024.3000
2014-05-23,1024.4500
2014-05-26,.
2014-05-27,1022.9500
2014-05-28,1021.7000
2014-05-29,1020.5000
2014-05-30,1020.3000
2014-06-02,1024.0000
2014-06-03,1023.0000
2014-06-04,1023.0000
2014-06-05,1019.7000
2014-06-06,1019.7000
2014-06-09,1016.3500
2014-06-10,1016.9500
2014-06-11,1015.6000
2014-06-12,1017.6000
2014-06-13,1017.8000
2014-06-16,1020.0000
2014-06-17,1022.3000
2014-06-18,1021.8500
2014-06-19,1018.3700
2014-06-20,1020.8100
2014-06-23,1018.1000
2014-06-24,1018.0500
2014-06-25,1019.5500
2014-06-26,1016.0000
2014-06-27,1013.3000
2014-06-30,1011.6000
2014-07-01,1010.7000
2014-07-02,1009.1000
2014-07-03,1008.8500
2014-07-04,.
2014-07-07,1011.1000
2014-07-08,1011.5000
2014-07-09,1012.1000
2014-07-10,1013.1000
2014-07-11,1018.6000
2014-07-14,1018.9500
2014-07-15,1026.7500
2014-07-16,1031.9000
2014-07-17,1028.9500
2014-07-18,1029.1000
2014-07-21,1026.6500
2014-07-22,1024.2000
2014-07-23,1023.5000
2014-07-24,1029.0500
2014-07-25,1025.6000
2014-07-28,1026.1000
2014-07-29,1024.6500
2014-07-30,1024.5500
2014-07-31,1027.7500
2014-08-01,1036.8500
2014-08-04,1032.9500
2014-08-05,1027.9000
2014-08-06,1033.7500
2014-08-07,1036.7500
2014-08-08,1036.4000
2014-08-11,1029.8000
2014-08-12,1026.9000
2014-08-13,1029.3500
2014-08-14,1026.9000
2014-08-15,1020.9500
2014-08-18,1017.3500
2014-08-19,1017.3500
2014-08-20,1022.6000
2014-08-21,1023.4000
2014-08-22,1017.8000
2014-08-25,1019.6500
2014-08-26,1016.2500
2014-08-27,1013.9500
2014-08-28,1014.8500
2014-08-29,1013.8500
2014-09-01,.
2014-09-02,1018.2000
2014-09-03,1019.5500
2014-09-04,1018.7000
2014-09-05,1024.2500
2014-09-08,1024.0000
2014-09-09,1034.0500
2014-09-10,1034.2000
2014-09-11,1035.9000
2014-09-12,1034.9000
2014-09-15,1037.8000
2014-09-16,1035.9500
2014-09-17,1034.5500
2014-09-18,1043.3000
2014-09-19,1043.5500
2014-09-22,1040.7500
2014-09-23,1039.9000
2014-09-24,1039.7700
2014-09-25,1042.6000
2014-09-26,1044.1000
2014-09-29,1053.1500
2014-09-30,1054.5500
2014-10-01,1062.7000
2014-10-02,1061.1000
2014-10-03,1061.1000
2014-10-06,1068.7500
2014-10-07,1069.4000
2014-10-08,1074.4000
2014-10-09,1062.6000
2014-10-10,1073.1000
2014-10-13,.
2014-10-14,1064.6200
2014-10-15,1058.9000
2014-10-16,1060.1600
2014-10-17,1063.6200
2014-10-20,1057.5800
2014-10-21,1054.6900
2014-10-22,1052.4700
2014-10-23,1057.8700
2014-10-24,1055.5800
2014-10-27,1050.9900
2014-10-28,1047.0000
2014-10-29,1043.8900
2014-10-30,1053.8000
2014-10-31,1073.0700
2014-11-03,1077.6300
2014-11-04,1076.9900
2014-11-05,1089.3800
2014-11-06,1084.0000
2014-11-07,1086.5000
2014-11-10,1089.2800
2014-11-11,.
2014-11-12,1093.6200
2014-11-13,1093.6100
2014-11-14,1102.2300
2014-11-17,1098.1200
2014-11-18,1096.6400
2014-11-19,1112.0400
2014-11-20,1111.9600
2014-11-21,1111.0500
2014-11-24,1114.6600
2014-11-25,1108.6800
2014-11-26,1103.2600
2014-11-27,.
2014-11-28,1112.0600
2014-12-01,1108.3600
2014-12-02,1115.3500
2014-12-03,1114.5700
2014-12-04,1110.8900
2014-12-05,1117.7400
2014-12-08,1112.5200
2014-12-09,1102.3100
2014-12-10,1103.7500
2014-12-11,1101.8300
2014-12-12,1103.0100
2014-12-15,1098.2400
2014-12-16,1080.8300
2014-12-17,1094.5900
2014-12-18,1101.7500
2014-12-19,1099.2100
2014-12-22,1097.7700
2014-12-23,1104.8400
2014-12-24,1103.2200
2014-12-25,.
2014-12-26,.
2014-12-29,1097.3400
2014-12-30,1096.0600
2014-12-31,1090.8900
2015-01-01,.
2015-01-02,1103.7300
2015-01-05,1109.0700
2015-01-06,1098.1400
2015-01-07,1101.5100
2015-01-08,1096.1900
2015-01-09,1086.1400
2015-01-12,1083.2500
2015-01-13,1080.4200
2015-01-14,1080.4500
2015-01-15,1077.9400
2015-01-16,1076.6800
2015-01-19,.
2015-01-20,1087.1700
2015-01-21,1081.9400
2015-01-22,1081.7500
2015-01-23,1075.7500
2015-01-26,1079.4200
2015-01-27,1075.3100
2015-01-28,1084.8400
2015-01-29,1098.6000
2015-01-30,1104.3000
2015-02-02,1099.6100
2015-02-03,1096.0600
2015-02-04,1086.7900
2015-02-05,1087.0500
2015-02-06,1097.2600
2015-02-09,1096.4000
2015-02-10,1098.6100
2015-02-11,1108.1900
2015-02-12,1100.8700
2015-02-13,1097.2000
2015-02-16,.
2015-02-17,1107.3300
2015-02-18,1112.8200
2015-02-19,1110.6900
2015-02-20,1110.0600
2015-02-23,1108.2500
2015-02-24,1108.0500
2015-02-25,1101.5300
2015-02-26,1100.3300
2015-02-27,1100.6500
2015-03-02,1101.4600
2015-03-03,1095.6500
2015-03-04,1100.2000
2015-03-05,1100.1100
2015-03-06,1110.3600
2015-03-09,1114.1800
2015-03-10,1123.3200
2015-03-11,1131.3300
2015-03-12,1120.1300
2015-03-13,1135.7000
2015-03-16,1129.6200
2015-03-17,1127.6900
2015-03-18,1127.0900
2015-03-19,1121.2100
2015-03-20,1113.8700
2015-03-23,1106.6800
2015-03-24,1104.2000
2015-03-25,1099.7200
2015-03-26,1103.5900
2015-03-27,1103.6000
2015-03-30,1106.3900
2015-03-31,1107.7100
2015-04-01,1098.1000
2015-04-02,1089.4900
2015-04-03,1085.6500
2015-04-06,1083.3800
2015-04-07,1093.7600
2015-04-08,1093.7700
2015-04-09,1093.8000
2015-04-10,1093.1300
2015-04-13,1100.4100
2015-04-14,1090.7600
2015-04-15,1095.0700
2015-04-16,1086.8900
2015-04-17,1081.9900
2015-04-20,1081.2700
2015-04-21,1081.5400
2015-04-22,1080.6400
2015-04-23,1080.0000
2015-04-24,1075.8500
2015-04-27,1071.0100
2015-04-28,1063.0300
2015-04-29,1066.4800
2015-04-30,1076.7400
2015-05-01,1080.2200
2015-05-04,1081.1900
2015-05-05,1080.4600
2015-05-06,1077.2300
2015-05-07,1093.5500
2015-05-08,1087.2800
2015-05-11,1095.3900
2015-05-12,1093.8100
2015-05-13,1089.7200
2015-05-14,1089.4600
2015-05-15,1083.0500
2015-05-18,1088.1900
2015-05-19,1093.9400
2015-05-20,1097.6200
2015-05-21,1092.4100
2015-05-22,1093.4600
2015-05-25,.
2015-05-26,1106.0600
2015-05-27,1107.8400
2015-05-28,1109.8600
2015-05-29,1111.9900
2015-06-01,1115.6100
2015-06-02,1109.3400
2015-06-03,1104.3300
2015-06-04,1112.5600
2015-06-05,1121.1800
2015-06-08,1121.9500
2015-06-09,1119.3800
2015-06-10,1110.3200
2015-06-11,1113.2400
2015-06-12,1111.6300
2015-06-15,1114.9400
2015-06-16,1118.0800
2015-06-17,1122.8300
2015-06-18,1101.5500
2015-06-19,1102.6400
2015-06-22,1098.8500
2015-06-23,1104.5400
2015-06-24,1110.6700
2015-06-25,1111.0500
2015-06-26,1122.3100
2015-06-29,1119.0900
2015-06-30,1117.3400
2015-07-01,1123.8900
2015-07-02,1119.9500
2015-07-03,.
2015-07-06,1125.5800
2015-07-07,1133.7500
2015-07-08,1131.7500
2015-07-09,1133.6900
2015-07-10,1127.2900
2015-07-13,1133.9300
2015-07-14,1142.7500
2015-07-15,1146.4200
2015-07-16,1145.2400
2015-07-17,1148.4800
2015-07-20,1156.3800
2015-07-21,1148.3300
2015-07-22,1156.4900
2015-07-23,1160.6400
2015-07-24,1169.0200
2015-07-27,1167.7500
2015-07-28,1161.0900
2015-07-29,1158.4900
2015-07-30,1173.4200
2015-07-31,1159.7000
2015-08-03,1168.6300
2015-08-04,1161.2000
2015-08-05,1174.4000
2015-08-06,1163.2500
2015-08-07,1164.0000
2015-08-10,1161.6900
2015-08-11,1181.3600
2015-08-12,1175.0300
2015-08-13,1176.0200
2015-08-14,1177.6200
2015-08-17,1181.5300
2015-08-18,1185.8500
2015-08-19,1184.3500
2015-08-20,1185.6300
2015-08-21,1194.6000
2015-08-24,1191.1300
2015-08-25,1195.2500
2015-08-26,1185.5200
2015-08-27,1170.4900
2015-08-28,1180.9300
2015-08-31,1182.5400
2015-09-01,1179.7800
2015-09-02,1183.4600
2015-09-03,1188.0700
2015-09-04,1196.4000
2015-09-07,.
2015-09-08,1195.5700
2015-09-09,1186.5200
2015-09-10,1184.8700
2015-09-11,1182.2500
2015-09-14,1181.1700
2015-09-15,1178.6900
2015-09-16,1169.7700
2015-09-17,1163.1100
2015-09-18,1164.1300
2015-09-21,1179.2400
2015-09-22,1186.1000
2015-09-23,1193.9600
2015-09-24,1195.4800
2015-09-25,1190.1400
2015-09-28,1193.3200
2015-09-29,1194.2800
2015-09-30,1184.6200
2015-10-01,1180.0400
2015-10-02,1175.4800
2015-10-05,1158.5400
2015-10-06,1160.7000
2015-10-07,1153.7200
2015-10-08,1155.5700
2015-10-09,1145.6700
2015-10-12,.
2015-10-13,1147.4200
2015-10-14,1140.3900
2015-10-15,1120.9000
2015-10-16,1130.7300
2015-10-19,1130.5700
2015-10-20,1128.6400
2015-10-21,1137.0900
2015-10-22,1131.4800
2015-10-23,1135.0000
2015-10-26,1127.4700
2015-10-27,1134.5700
2015-10-28,1130.3100
2015-10-29,1142.3900
2015-10-30,1140.5000
2015-11-02,1140.5000
2015-11-03,1140.5000
2015-11-04,1136.4500
2015-11-05,1140.5000
2015-11-06,1140.5000
2015-11-09,1160.4200
2015-11-10,1158.3400
2015-11-11,.
2015-11-12,1158.6000
2015-11-13,1169.7900
2015-11-16,1172.6700
2015-11-17,1169.0800
2015-11-18,1167.8900
2015-11-19,1156.0800
2015-11-20,1151.6300
2015-11-23,1159.1400
2015-11-24,1149.3900
2015-11-25,1140.6700
2015-11-26,.
2015-11-27,1154.4300
2015-11-30,1149.3900
2015-12-01,1149.3900
2015-12-02,1149.3900
2015-12-03,1149.3900
2015-12-04,1149.3900
2015-12-07,1172.6800
2015-12-08,1179.6000
2015-12-09,1181.7500
2015-12-10,1176.3900
2015-12-11,1188.0000
2015-12-14,1186.2000
2015-12-15,1176.6600
2015-12-16,1177.1900
2015-12-17,1187.7000
2015-12-18,1178.0400
2015-12-21,1173.8700
2015-12-22,1169.2600
2015-12-23,1140.6700
2015-12-24,1167.9400
2015-12-25,.
2015-12-28,1169.2600
2015-12-29,1169.2600
2015-12-30,1177.5300
2015-12-31,1169.2600
2016-01-01,.
2016-01-04,1191.4600
2016-01-05,1190.4300
2016-01-06,1200.1600
2016-01-07,1193.0500
2016-01-08,1206.9700
2016-01-11,1206.5500
2016-01-12,1208.9500
2016-01-13,1208.9500
2016-01-14,1211.2800
2016-01-15,1216.9500
2016-01-18,.
2016-01-19,1205.6100
2016-01-20,1215.4000
2016-01-21,1204.3100
2016-01-22,1195.6600
2016-01-25,1194.3000
2016-01-26,1199.6400
2016-01-27,1199.2500
2016-01-28,1204.0800
2016-01-29,1210.0400
2016-02-01,1203.1900
2016-02-02,1212.0100
2016-02-03,1211.3300
2016-02-04,1186.1100
2016-02-05,1204.6900
2016-02-08,1205.1000
2016-02-09,1200.3900
2016-02-10,1189.6900
2016-02-11,1196.8900
2016-02-12,1205.1300
2016-02-15,.
2016-02-16,1219.4400
2016-02-17,1222.3200
2016-02-18,1231.1500
2016-02-19,1231.0900
2016-02-22,1223.3200
2016-02-23,1230.0500
2016-02-24,1234.6000
2016-02-25,1237.3900
2016-02-26,1242.5900
2016-02-29,1238.0900
2016-03-01,1229.5600
2016-03-02,1227.5900
2016-03-03,1209.5500
2016-03-04,1195.0900
2016-03-07,1200.0800
2016-03-08,1206.1900
2016-03-09,1206.8200
2016-03-10,1204.0900
2016-03-11,1184.5600
2016-03-14,1187.3900
2016-03-15,1194.9900
2016-03-16,1190.5900
2016-03-17,1155.8300
2016-03-18,1160.1100
2016-03-21,1157.3300
2016-03-22,1154.5800
2016-03-23,1166.5900
2016-03-24,1168.0900
2016-03-25,1168.1900
2016-03-28,1163.3900
2016-03-29,1164.6900
2016-03-30,1142.0200
2016-03-31,1138.8600
2016-04-01,1147.1500
2016-04-04,1151.3500
2016-04-05,1158.3900
2016-04-06,1155.2800
2016-04-07,1156.8100
2016-04-08,1148.8900
2016-04-11,1141.9700
2016-04-12,1144.5300
2016-04-13,1146.2900
2016-04-14,1151.9900
2016-04-15,1144.8300
2016-04-18,1144.4800
2016-04-19,1126.0100
2016-04-20,1130.4800
2016-04-21,1135.4900
2016-04-22,1147.8500
2016-04-25,1147.7600
2016-04-26,1146.6600
2016-04-27,1151.5000
2016-04-28,1139.9300
2016-04-29,1144.0900
2016-05-02,1138.4500
2016-05-03,1148.6900
2016-05-04,1164.5900
2016-05-05,1165.9300
2016-05-06,1167.2900
2016-05-09,1174.2500
2016-05-10,1169.8900
2016-05-11,1162.4700
2016-05-12,1168.7000
2016-05-13,1176.8500
2016-05-16,1177.2100
2016-05-17,1173.6700
2016-05-18,1185.7700
2016-05-19,1189.2500
2016-05-20,1186.9300
2016-05-23,1183.3900
2016-05-24,1186.3900
2016-05-25,1182.2100
2016-05-26,1178.0900
2016-05-27,1180.5900
2016-05-30,.
2016-05-31,1188.9900
2016-06-01,1192.0900
2016-06-02,1186.6900
2016-06-03,1167.7900
2016-06-06,1162.2800
2016-06-07,1154.8000
2016-06-08,1153.8300
2016-06-09,1159.2900
2016-06-10,1167.6100
2016-06-13,1169.7400
2016-06-14,1176.7800
2016-06-15,1167.5300
2016-06-16,1176.4900
2016-06-17,1171.7700
2016-06-20,1156.8000
2016-06-21,1154.3500
2016-06-22,1147.9900
2016-06-23,1143.2700
2016-06-24,1167.5600
2016-06-27,1181.2400
2016-06-28,1169.3100
2016-06-29,1153.0900
2016-06-30,1154.1500
2016-07-01,1146.4900
2016-07-04,.
2016-07-05,1156.7900
2016-07-06,1160.5900
2016-07-07,1154.8900
2016-07-08,1148.7100
2016-07-11,1148.9700
2016-07-12,1146.4700
2016-07-13,1145.0100
2016-07-14,1130.6500
2016-07-15,1135.4900
2016-07-18,1134.3900
2016-07-19,1140.5600
2016-07-20,1142.3300
2016-07-21,1137.3100
2016-07-22,1137.4900
2016-07-25,1140.8000
2016-07-26,1137.5900
2016-07-27,1135.0900
2016-07-28,1124.7900
2016-07-29,1112.8900
2016-08-01,1106.1500
2016-08-02,1108.3500
2016-08-03,1116.2100
2016-08-04,1111.9900
2016-08-05,1114.5400
2016-08-08,1108.2400
2016-08-09,1101.4500
2016-08-10,1095.8400
2016-08-11,1097.3900
2016-08-12,1100.7900
2016-08-15,1095.8300
2016-08-16,1093.9500
2016-08-17,1114.2500
2016-08-18,1107.4100
2016-08-19,1116.3700
2016-08-22,1120.9300
2016-08-23,1116.9100
2016-08-24,1121.3400
2016-08-25,1115.2300
2016-08-26,1111.4700
2016-08-29,1121.5300
2016-08-30,1118.2700
2016-08-31,1115.9800
2016-09-01,1116.8900
2016-09-02,1114.8700
2016-09-05,.
2016-09-06,1093.0400
2016-09-07,1090.0300
2016-09-08,1095.2700
2016-09-09,1106.8300
2016-09-12,1112.0300
2016-09-13,1124.6100
2016-09-14,1123.8100
2016-09-15,1122.8300
2016-09-16,1127.3700
2016-09-19,1117.4400
2016-09-20,1117.3400
2016-09-21,1112.1700
2016-09-22,1100.5900
2016-09-23,1102.2100
2016-09-26,1106.9900
2016-09-27,1099.2200
2016-09-28,1096.7300
2016-09-29,1097.3900
2016-09-30,1097.9800
2016-10-03,1104.7900
2016-10-04,1110.7700
2016-10-05,1114.5300
2016-10-06,1114.5300
2016-10-07,1115.9500
2016-10-10,.
2016-10-11,1124.2100
2016-10-12,1127.2300
2016-10-13,1133.3100
2016-10-14,1133.1300
2016-10-17,1137.6100
2016-10-18,1123.7500
2016-10-19,1120.0100
2016-10-20,1128.3900
2016-10-21,1137.1700
2016-10-24,1135.4000
2016-10-25,1129.8900
2016-10-26,1134.9400
2016-10-27,1145.8500
2016-10-28,1146.4900
2016-10-31,1145.3700
2016-11-01,1142.6800
2016-11-02,1148.3900
2016-11-03,1142.6800
2016-11-04,1142.6800
2016-11-07,1141.2700
2016-11-08,1131.3900
2016-11-09,1150.6400
2016-11-10,1162.1100
2016-11-11,.
2016-11-14,1171.2500
2016-11-15,1170.2100
2016-11-16,1172.4100
2016-11-17,1176.0300
2016-11-18,1177.7100
2016-11-21,1178.5100
2016-11-22,1173.2500
2016-11-23,1181.5700
2016-11-24,.
2016-11-25,1174.9900
2016-11-28,1170.5300
2016-11-29,1169.9900
2016-11-30,1175.8700
2016-12-01,1167.3100
2016-12-02,1167.7000
2016-12-05,1168.1100
2016-12-06,1171.5000
2016-12-07,1161.6700
2016-12-08,1162.4900
2016-12-09,1171.8800
2016-12-12,1164.3700
2016-12-13,1164.6500
2016-12-14,1165.1300
2016-12-15,1185.3500
2016-12-16,1183.7200
2016-12-19,1187.7100
2016-12-20,1192.1300
2016-12-21,1193.9100
2016-12-22,1204.6500
2016-12-23,1201.5100
2016-12-26,.
2016-12-27,1207.6800
2016-12-28,1212.2200
2016-12-29,1207.0500
2016-12-30,1203.7300
2017-01-02,.
2017-01-03,1207.2300
2017-01-04,1198.0700
2017-01-05,1182.4600
2017-01-06,1198.8500
2017-01-09,1200.5100
2017-01-10,1196.9600
2017-01-11,1197.5900
2017-01-12,1170.9300
2017-01-13,1177.8100
2017-01-16,.
2017-01-17,1161.6100
2017-01-18,1170.7300
2017-01-19,1177.0300
2017-01-20,.
2017-01-23,1165.8200
2017-01-24,1165.2500
2017-01-25,1164.1300
2017-01-26,1169.6100
2017-01-27,1175.7300
2017-01-30,1171.2700
2017-01-31,1151.4500
2017-02-01,1154.4500
2017-02-02,1139.9000
2017-02-03,1134.6500
2017-02-06,1134.8700
2017-02-07,1142.8900
2017-02-08,1143.2500
2017-02-09,1149.8800
2017-02-10,1146.7800
2017-02-13,1150.1600
2017-02-14,1139.3300
2017-02-15,1136.4600
2017-02-16,1140.5700
2017-02-17,1150.7300
2017-02-20,.
2017-02-21,1143.6300
2017-02-22,1142.1500
2017-02-23,1129.8400
2017-02-24,1130.4100
2017-02-27,1130.1400
2017-02-28,1129.1700
2017-03-01,1140.7500
2017-03-02,1146.9000
2017-03-03,1156.7700
2017-03-06,1154.3600
2017-03-07,1149.8700
2017-03-08,1154.6900
2017-03-09,1158.1200
2017-03-10,1150.3700
2017-03-13,1150.3700
2017-03-14,1148.5400
2017-03-15,1144.1600
2017-03-16,1148.5400
2017-03-17,1128.6700
2017-03-20,1112.2900
2017-03-21,1118.2300
2017-03-22,1117.9100
2017-03-23,1117.9100
2017-03-24,1116.6900
2017-03-27,1108.3000
2017-03-28,1111.5100
2017-03-29,1112.2800
2017-03-30,1114.1100
2017-03-31,1117.4800
2017-04-03,1117.6500
2017-04-04,1122.6100
2017-04-05,1126.5800
2017-04-06,1131.2100
2017-04-07,1133.8900
2017-04-10,1141.2400
2017-04-11,1147.7700
2017-04-12,1138.8300
2017-04-13,1133.3200
2017-04-14,1136.6700
2017-04-17,1134.2500
2017-04-18,1143.8900
2017-04-19,1142.3700
2017-04-20,1136.2900
2017-04-21,1134.2200
2017-04-24,1132.1900
2017-04-25,1126.5400
2017-04-26,1133.1700
2017-04-27,1133.8300
2017-04-28,1136.9900
2017-05-01,1134.8700
2017-05-02,1129.1600
2017-05-03,1131.2500
2017-05-04,1134.2000
2017-05-05,1136.4900
2017-05-08,1132.9100
2017-05-09,1134.8400
2017-05-10,1132.1300
2017-05-11,1127.5100
2017-05-12,1121.6800
2017-05-15,1115.0100
2017-05-16,1115.0000
2017-05-17,1118.6700
2017-05-18,1129.1700
2017-05-19,1116.7100
2017-05-22,1114.7100
2017-05-23,1125.0200
2017-05-24,1122.8300
2017-05-25,1119.7100
2017-05-26,1118.6700
2017-05-29,.
2017-05-30,1122.8700
2017-05-31,1119.5800
2017-06-01,1120.8500
2017-06-02,1117.4900
2017-06-05,1118.4400
2017-06-06,1118.5300
2017-06-07,1124.1600
2017-06-08,1122.7300
2017-06-09,1123.5100
2017-06-12,1130.5500
2017-06-13,1127.7900
2017-06-14,1116.4500
2017-06-15,1129.9100
2017-06-16,1133.2000
2017-06-19,1134.6900
2017-06-20,1141.3300
2017-06-21,1143.0100
2017-06-22,1143.0100
2017-06-23,1132.9900
2017-06-26,1132.4800
2017-06-27,1137.7700
2017-06-28,1141.9100
2017-06-29,1144.0700
2017-06-30,1143.7500
2017-07-03,1149.2600
2017-07-04,.
2017-07-05,1153.0600
2017-07-06,1156.5500
2017-07-07,1153.8500
2017-07-10,1149.3500
2017-07-11,1149.8300
2017-07-12,1138.3200
2017-07-13,1137.2200
2017-07-14,1127.7900
2017-07-17,1127.7400
2017-07-18,1123.6900
2017-07-19,1122.9200
2017-07-20,1120.7700
2017-07-21,1117.4700
2017-07-24,1113.8200
2017-07-25,1117.0200
2017-07-26,1117.7600
2017-07-27,1115.1500
2017-07-28,1121.4900
2017-07-31,1121.8600
2017-08-01,1121.0900
2017-08-02,1121.5500
2017-08-03,1127.7300
2017-08-04,1128.0200
2017-08-07,1127.3900
2017-08-08,1125.6000
2017-08-09,1138.6900
2017-08-10,1144.3600
2017-08-11,1141.5700
2017-08-14,1137.2200
2017-08-15,1135.4700
2017-08-16,1137.7500
2017-08-17,1138.2300
2017-08-18,1139.8300
2017-08-21,1137.1400
2017-08-22,1131.7900
2017-08-23,1128.5900
2017-08-24,1127.8000
2017-08-25,1121.7300
